{
    "90.0": {
        "ACA1:OPI1": [
            -0.09355609315328396,
            0.0
        ],
        "ACA1:GIS1": [
            0.0,
            0.14213799502395674
        ]
    }
}