{
    "98.0": {
        "MED2:MIG1": [
            0.0,
            0.02936159715421747
        ],
        "MED2:GAT4": [
            -0.007908824767361742,
            0.03297847555877528
        ],
        "MED2:OPI1": [
            -0.0496439061482253,
            -0.013006162864520329
        ],
        "MED2:EAF1": [
            -0.03686887463743408,
            -0.0006703676323535061
        ],
        "MED2:MET31": [
            -0.08507097981767638,
            -0.03651700438576193
        ],
        "MED2:GIS1": [
            0.02944654004095292,
            0.09140521315885093
        ],
        "MED2:MSN2": [
            0.004437259028119399,
            0.07304959970688434
        ]
    }
}