{
    "90.0": {
        "CSE2:SWI4": [
            -0.06433853585167892,
            0.0
        ],
        "CSE2:LYS14": [
            -0.05540483309469018,
            0.0
        ],
        "CSE2:OPI1": [
            -0.07109478922268628,
            0.0
        ],
        "CSE2:MSN2": [
            0.0,
            0.14660579968421636
        ],
        "CSE2:ERT1": [
            -0.06938782104916172,
            0.0
        ]
    }
}