{
    "90.0": {
        "RTG1:SWI4": [
            -0.05586049997598466,
            0.0
        ],
        "RTG1:OPI1": [
            -0.07089205489521508,
            0.0
        ],
        "RTG1:GIS1": [
            0.06348367261406065,
            0.1902120471908354
        ],
        "RTG1:STE12": [
            -0.07553033096208625,
            0.0
        ],
        "RTG1:ERT1": [
            -0.08479240889339403,
            0.0
        ]
    }
}