{
    "AFT1:SWI6": [
        -0.04870585062245798,
        -0.0011776928802436522
    ],
    "AFT1:STB5": [
        0.0033114111509718247,
        0.045651529695107794
    ],
    "AFT1:BAS1": [
        0.0007707802003352446,
        0.038780279280975646
    ],
    "AFT1:IME4": [
        0.0016265578496114858,
        0.04721015222884651
    ],
    "AFT1:DAT1": [
        -0.04900316600093543,
        -0.00041792288591892924
    ],
    "AFT1:GAL4": [
        0.034320301693181565,
        0.0887920911726602
    ],
    "AFT1:CBF1": [
        -0.05205739679337504,
        -0.008252429193927999
    ]
}