{
    "98.0": {
        "GAL11:ZAP1": [
            -0.06261193533101518,
            0.0
        ],
        "GAL11:AFT1": [
            -0.0525842199011005,
            0.0
        ],
        "GAL11:CYC8": [
            0.0034032834929541836,
            0.08900044722958769
        ],
        "GAL11:GIS1": [
            0.0053588002386772944,
            0.07858152046369728
        ],
        "GAL11:STP1": [
            -0.054139914299977644,
            -0.004172439949402278
        ],
        "GAL11:GCN4": [
            -0.0465240430643393,
            0.0
        ],
        "AFT1": [
            -0.03129548891186534,
            0.009254490828456608
        ],
        "CYC8": [
            0.009352546594371191,
            0.05339208337355798
        ],
        "GCN4": [
            -0.035041826793020835,
            0.0
        ],
        "GIS1": [
            0.017022631446606158,
            0.06455624499583053
        ],
        "STP1": [
            -0.025879229944333452,
            0.004097923772582137
        ],
        "ZAP1": [
            -0.037655292616195796,
            0.0
        ]
    }
}