{
    "98.0": {
        "HAP2:MIG1": [
            0.0042991908274680295,
            0.054225964932456024
        ],
        "HAP2:OPI1": [
            -0.031585611416527125,
            0.011432154847368052
        ],
        "HAP2:DAT1": [
            -0.0307980309581375,
            0.0
        ],
        "FKH1": [
            -0.030985120139404604,
            -0.0020603366248640315
        ],
        "OPI1": [
            -0.032827808405839806,
            0.0
        ]
    }
}