{
    "98.0": {
        "GIS1:ARG80": [
            -0.06816108940636405,
            -0.01839348608990646
        ],
        "GIS1:GAL4": [
            0.0,
            0.058008828735893726
        ],
        "ARG80": [
            -0.024355044379198956,
            0.008818134028832575
        ],
        "GAL4": [
            0.0004321749600589105,
            0.048863255147623005
        ],
        "PGD1": [
            0.03250690448423979,
            0.0690773288355818
        ]
    }
}