{
    "98.0": {
        "INO4:PGD1": [
            0.0,
            0.05391637277039689
        ],
        "INO4:SMP1": [
            -0.058559516248305646,
            -0.014142677152241412
        ],
        "INO4:FKH2": [
            -0.058488235284278066,
            -0.022298958345829466
        ],
        "INO4:GAL4": [
            0.0015691081231909675,
            0.07490660018264086
        ],
        "GAL4": [
            0.00035485301342711594,
            0.04782606920164791
        ],
        "PGD1": [
            0.030576929410444226,
            0.07287716004171024
        ]
    }
}