{
    "98.0": {
        "MET31:SMP1": [
            -0.057161884213288286,
            -0.022357132878490744
        ],
        "MET31:GAL4": [
            1.9764936606264933e-05,
            0.05979774320808826
        ],
        "DIG1": [
            -0.031041502398797337,
            -0.005466208453878987
        ],
        "GAL4": [
            -0.0009083028395177635,
            0.0467372747936349
        ],
        "TUP1": [
            0.04503963549814576,
            0.07610937900437832
        ]
    }
}