{
    "HFI1:RGM1": [
        0.0655242741516075,
        0.15819535058300935
    ],
    "HFI1:UME1": [
        0.02174293667683082,
        0.12101379147465749
    ]
}