{
    "ACE2:EAF1": [
        -0.04560733763033264,
        -0.008015120983471243
    ],
    "ACE2:PGD1": [
        0.008746052684132893,
        0.07401147125419452
    ],
    "ACE2:SMP1": [
        -0.0740262316049576,
        -0.02608194450796497
    ],
    "ACE2:DAT1": [
        -0.06493983559098103,
        -0.01599428385145957
    ],
    "ACE2:YHP1": [
        -0.06341757385087675,
        -0.013831254850430113
    ],
    "ACE2:GAL4": [
        0.025112856526644807,
        0.07207106983085297
    ],
    "ACE2:GAL80": [
        0.012199515558505916,
        0.06971068569004434
    ]
}