{
    "90.0": {
        "OAF1:RGM1": [
            0.032620984759052375,
            0.13135000618670223
        ],
        "OAF1:PGD1": [
            0.05122128557906063,
            0.19093116285279996
        ],
        "OAF1:SMP1": [
            -0.07941924017485079,
            0.0
        ],
        "OAF1:MBP1": [
            -0.08914371002557994,
            -0.003484894674660698
        ],
        "OAF1:DAT1": [
            -0.09675809184337056,
            0.0
        ],
        "OAF1:GIS1": [
            -0.00254330493402447,
            0.06628629737188359
        ],
        "OAF1:STE12": [
            -0.07093285604745471,
            0.0
        ],
        "OAF1:FKH1": [
            -0.05047292877561542,
            0.0
        ]
    }
}