{
    "98.0": {
        "GAT2:DAT1": [
            -0.05211163303872934,
            -0.019192692360343454
        ],
        "GAT2:FKH2": [
            -0.03573147529016364,
            0.0
        ],
        "FKH2": [
            -0.038014050836538395,
            -0.005427295348591803
        ],
        "TUP1": [
            0.06498712033244079,
            0.101526381525023
        ]
    }
}