{
    "90.0": {
        "MED2:OPI1": [
            -0.0895711148080501,
            -0.020863742712878164
        ],
        "MED2:EAF1": [
            -0.06711972227791306,
            0.0
        ],
        "MED2:MET31": [
            -0.13904842966079736,
            -0.06511078301460635
        ],
        "MED2:GIS1": [
            0.019525066779825313,
            0.1354669655556438
        ],
        "MED2:MSN2": [
            0.06338030290376771,
            0.1880205007252187
        ]
    }
}