{
    "90.0": {
        "HFI1:RGM1": [
            0.0655242741516075,
            0.15819535058300935
        ],
        "HFI1:GAT4": [
            0.0,
            0.10149993032168635
        ],
        "HFI1:DAT1": [
            -0.08046554899256322,
            0.0
        ],
        "HFI1:CHA4": [
            -0.08441676792194515,
            0.0
        ],
        "HFI1:UME1": [
            0.02174293667683082,
            0.12101379147465749
        ],
        "HFI1:HAP5": [
            -0.09266914957584355,
            0.0
        ],
        "HFI1:CYC8": [
            -0.02697643016263622,
            0.06330230702097342
        ],
        "HFI1:UPC2": [
            -0.08391771037649555,
            0.0
        ],
        "HFI1:GAL4": [
            -0.08350281940038229,
            0.0
        ]
    }
}