{
    "YOX1:WTM1": [
        -0.06808099237246823,
        -0.01881680460996373
    ],
    "YOX1:RGM1": [
        0.0002293315994430632,
        0.050253915849421085
    ],
    "YOX1:BAS1": [
        -0.04022913394320336,
        -0.006469554625676048
    ],
    "YOX1:PGD1": [
        0.001136126165419272,
        0.07935514840294818
    ],
    "YOX1:DAT1": [
        -0.0652845767005686,
        -0.018242930155266998
    ],
    "YOX1:GIS1": [
        0.04259691473123843,
        0.0996815609183475
    ],
    "YOX1:FKH1": [
        -0.0451443960683177,
        -0.01186134481633408
    ],
    "YOX1:ERT1": [
        -0.0666758465686682,
        -0.0145604964052392
    ]
}