{
    "90.0": {
        "ACE2:EAF1": [
            -0.06950183044648955,
            0.0
        ],
        "ACE2:PGD1": [
            0.0,
            0.1364454812240941
        ],
        "ACE2:SMP1": [
            -0.13099809459255213,
            0.0
        ],
        "ACE2:DAT1": [
            -0.09859473391354631,
            0.0
        ],
        "ACE2:YHP1": [
            -0.09534721327823463,
            0.0
        ],
        "ACE2:GAL4": [
            0.0,
            0.12741891416297393
        ],
        "ACE2:GAL80": [
            0.0,
            0.10577796030979517
        ]
    }
}