{
    "98.0": {
        "XBP1:MTH1": [
            -0.06659898593257799,
            -0.008393407426019862
        ],
        "XBP1:MIG1": [
            0.0,
            0.036260380099960965
        ],
        "XBP1:GAT4": [
            0.0,
            0.054215524926417076
        ],
        "XBP1:OPI1": [
            -0.05530650016389,
            -0.015213271525148342
        ],
        "XBP1:INO4": [
            -0.06845379474497819,
            -0.015776867335868857
        ],
        "XBP1:GIS1": [
            0.0,
            0.06902424090268931
        ],
        "XBP1:MSN2": [
            0.03192009029857824,
            0.10376593803708198
        ],
        "XBP1:GAL80": [
            -0.06929324760329082,
            -0.017865105559443355
        ],
        "XBP1:RPH1": [
            0.0,
            0.05891172910387212
        ]
    }
}