{
    "98.0": {
        "XBP1:MTH1": [
            -0.066598985932578,
            -0.008393407426019864
        ],
        "XBP1:MIG1": [
            0.0,
            0.036260380099960965
        ],
        "XBP1:GAT4": [
            0.0,
            0.054215524926417076
        ],
        "XBP1:OPI1": [
            -0.055306500163889986,
            -0.015213271525148314
        ],
        "XBP1:INO4": [
            -0.06845379474497823,
            -0.015776867335868878
        ],
        "XBP1:GIS1": [
            0.0,
            0.06902424090268934
        ],
        "XBP1:MSN2": [
            0.031920090298578244,
            0.10376593803708195
        ],
        "XBP1:GAL80": [
            -0.06929324760329084,
            -0.01786510555944334
        ],
        "XBP1:RPH1": [
            0.0,
            0.05891172910387213
        ]
    }
}