{
    "98.0": {
        "SFL1:FZF1": [
            -0.04228335738459022,
            0.0
        ],
        "SFL1:SWI4": [
            -0.034710529989156566,
            0.0
        ],
        "SFL1:OPI1": [
            -0.05811337209381824,
            0.0
        ],
        "SFL1:MSN2": [
            0.0,
            0.07298638715669638
        ],
        "FZF1": [
            -0.029479252372664477,
            0.003988318425640973
        ],
        "MSN2": [
            0.022088911300337948,
            0.07190420431940904
        ],
        "OPI1": [
            -0.037231611911558084,
            0.0
        ],
        "SWI4": [
            -0.02527387774147531,
            0.0010737887879966382
        ]
    }
}