{
    "90.0": {
        "UME1:SWI6": [
            -0.05667912928764353,
            0.0
        ],
        "UME1:EAF1": [
            -0.04867288424764986,
            0.0
        ],
        "UME1:INO4": [
            -0.10201010273398044,
            -0.03380618985288271
        ],
        "UME1:FKH2": [
            -0.07232600677569606,
            -0.012750190747200114
        ],
        "UME1:GIS1": [
            -0.008962647603945701,
            0.054769522627539514
        ],
        "UME1:MSN2": [
            0.06835184165058045,
            0.1627069499217887
        ]
    }
}