{
    "90.0": {
        "UME1:SWI6": [
            -0.05667912928764353,
            0.0
        ],
        "UME1:EAF1": [
            -0.04867288424764986,
            0.0
        ],
        "UME1:INO4": [
            -0.10201010273398044,
            -0.033806189852882695
        ],
        "UME1:FKH2": [
            -0.07232600677569608,
            -0.012750190747200104
        ],
        "UME1:GIS1": [
            -0.008962647603945703,
            0.054769522627539535
        ],
        "UME1:MSN2": [
            0.06835184165058046,
            0.1627069499217887
        ]
    }
}