{
    "GIS1": [
        0.04806299738875058,
        0.09732360111280829
    ],
    "GZF3": [
        -0.049924097935789565,
        -0.021709074587829367
    ]
}