{
    "98.0": {
        "FZF1:OPI1": [
            -0.043928856034258376,
            0.0
        ],
        "FZF1:UPC2": [
            -0.04949353228077863,
            0.0
        ],
        "FZF1:RPH1": [
            0.003230396420568534,
            0.07362992409879061
        ]
    }
}