{
    "98.0": {
        "PDR1:ARG81": [
            -0.04214880631258803,
            0.0
        ],
        "PDR1:UPC2": [
            -0.045497351648660984,
            0.0
        ],
        "PDR1:GIS1": [
            0.0,
            0.05201439528318628
        ],
        "PDR1:MSN2": [
            0.0,
            0.07860931231583787
        ],
        "PDR1:CSE2": [
            -0.060817299905624095,
            0.0
        ],
        "ARG81": [
            -0.026421558524607282,
            0.007676967073701885
        ],
        "CSE2": [
            -0.03744289958714755,
            0.0
        ],
        "GIS1": [
            0.04806299738875058,
            0.09732360111280829
        ],
        "GZF3": [
            -0.049924097935789565,
            -0.021709074587829367
        ],
        "MSN2": [
            0.0,
            0.05696761206329315
        ],
        "UPC2": [
            -0.03807102066991702,
            0.0
        ]
    }
}