{
    "90.0": {
        "DAL80:MTH1": [
            -0.13217079595212947,
            -0.031885518593090294
        ],
        "DAL80:EAF1": [
            -0.07643108910974536,
            -0.0089796617369582
        ],
        "DAL80:GZF3": [
            0.05187651243125017,
            0.20174234604110564
        ],
        "DAL80:FKH2": [
            -0.12339174961735375,
            -0.042333987450263955
        ],
        "DAL80:MSN2": [
            0.0060844486685534506,
            0.11332714367966307
        ],
        "DAL80:GAL4": [
            0.039578528736546374,
            0.15241722569658928
        ],
        "DAL80:CBF1": [
            -0.10225798307995661,
            -0.01937009695383207
        ]
    }
}