{
    "98.0": {
        "YOX1:WTM1": [
            -0.025921208901293815,
            0.0
        ],
        "WTM1": [
            -0.02883470209345949,
            0.0
        ]
    }
}