{
    "90.0": {
        "ARG81:RTG3": [
            -0.11555030701482379,
            0.0
        ],
        "ARG81:FKH2": [
            -0.0851882821987241,
            0.0
        ],
        "ARG81:UPC2": [
            -0.09154726069462119,
            0.0
        ],
        "ARG81:GAL11": [
            0.0,
            0.12145222888757302
        ],
        "ARG81:GIS1": [
            0.0,
            0.0707248891955584
        ],
        "ARG81:MSN2": [
            0.0,
            0.09775782092163239
        ],
        "ARG81:GAL4": [
            0.0,
            0.128656175884185
        ]
    }
}