{
    "98.0": {
        "MET4:SMP1": [
            -0.06840887325921498,
            -0.015190911789481574
        ],
        "MET4:MSN2": [
            0.0,
            0.05812295329405301
        ],
        "MSN2": [
            0.026978762594228902,
            0.07175365169199915
        ],
        "SMP1": [
            -0.023270271760126145,
            0.009118480042152348
        ]
    }
}