{
    "HFI1:RGM1": [
        0.013571538124674314,
        0.06703022361545634
    ],
    "HFI1:GAT4": [
        0.0002443266774887933,
        0.05557494905431404
    ],
    "HFI1:DAT1": [
        -0.05641710279828399,
        -0.016180106873329166
    ],
    "HFI1:CHA4": [
        -0.05844123645734899,
        -0.012620442647893564
    ],
    "HFI1:UME1": [
        0.01034563896315181,
        0.058289379726283536
    ],
    "HFI1:HAP5": [
        -0.05745596498956405,
        -0.012538031928582202
    ],
    "HFI1:CYC8": [
        0.0029350291581932185,
        0.06113846939543026
    ],
    "HFI1:UPC2": [
        -0.05459688244036501,
        -0.015533634844791257
    ],
    "HFI1:GAL4": [
        -0.048907148560368964,
        -0.002836660158642997
    ]
}