{
    "HFI1:RGM1": [
        0.013571538124674286,
        0.06703022361545634
    ],
    "HFI1:GAT4": [
        0.0002443266774887886,
        0.05557494905431405
    ],
    "HFI1:DAT1": [
        -0.056417102798283984,
        -0.01618010687332916
    ],
    "HFI1:CHA4": [
        -0.05844123645734897,
        -0.012620442647893535
    ],
    "HFI1:UME1": [
        0.010345638963151809,
        0.058289379726283515
    ],
    "HFI1:HAP5": [
        -0.05745596498956402,
        -0.01253803192858219
    ],
    "HFI1:CYC8": [
        0.002935029158193233,
        0.061138469395430266
    ],
    "HFI1:UPC2": [
        -0.054596882440365015,
        -0.015533634844791255
    ],
    "HFI1:GAL4": [
        -0.048907148560368964,
        -0.0028366601586429815
    ]
}