{
    "HFI1:RGM1": [
        0.06552427415160751,
        0.15819535058300935
    ],
    "HFI1:UME1": [
        0.0217429366768308,
        0.12101379147465749
    ]
}