{
    "98.0": {
        "RTG1:SWI4": [
            -0.03403157581666987,
            -0.0028350198042700558
        ],
        "RTG1:OPI1": [
            -0.0508997338444844,
            -0.010479009652852351
        ],
        "RTG1:MBP1": [
            -0.032520009594610606,
            0.0033575075512905436
        ],
        "RTG1:GIS1": [
            0.05750831924173389,
            0.12520316536981627
        ],
        "RTG1:MSN2": [
            0.0,
            0.0663285139685403
        ],
        "RTG1:STE12": [
            -0.040436862044094635,
            -0.0003002638735972579
        ],
        "RTG1:FKH1": [
            -0.03356457247427146,
            0.0
        ],
        "RTG1:ERT1": [
            -0.058086659918610915,
            -0.014138931585851625
        ]
    }
}