{
    "98.0": {
        "ARG80:WTM1": [
            -0.055121261442307105,
            -0.007703134257994844
        ],
        "ARG80:EAF1": [
            -0.03818959987629193,
            -0.004440604124888274
        ],
        "ARG80:PGD1": [
            0.012286840317786572,
            0.07820361870952844
        ],
        "ARG80:TUP1": [
            0.0,
            0.04782779861946162
        ],
        "ARG80:GAL11": [
            0.0,
            0.05850904976630515
        ],
        "ARG80:GAL4": [
            0.0137401520111457,
            0.0629068871413834
        ],
        "ARG80:STE12": [
            -0.04477075113352422,
            -0.007629875273519186
        ],
        "ARG80:FKH1": [
            -0.04089605885797776,
            -0.008463967223320452
        ]
    }
}