{
    "98.0": {
        "SFL1:FZF1": [
            -0.040290671711166466,
            0.0017414755087826093
        ],
        "SFL1:SWI4": [
            -0.033532860088496576,
            0.0
        ],
        "SFL1:OPI1": [
            -0.05815249149105236,
            0.0
        ],
        "SFL1:MSN2": [
            0.0,
            0.07078723323002185
        ],
        "FZF1": [
            -0.029253688753620118,
            0.0031660497224981644
        ],
        "MSN2": [
            0.019783364315347333,
            0.0729674372943195
        ],
        "OPI1": [
            -0.0370098596496464,
            0.0
        ],
        "SWI4": [
            -0.02571745271337684,
            0.0035883394218522748
        ]
    }
}