{
    "98.0": {
        "HAA1:GAT4": [
            0.037825904228115374,
            0.09002128411293933
        ],
        "HAA1:OPI1": [
            -0.05101278510558699,
            -0.016132930169792496
        ],
        "HAA1:TEA1": [
            -0.048388633151729886,
            -0.003362915188748867
        ]
    }
}