{
    "98.0": {
        "CST6:ARG81": [
            -0.05214640324204032,
            -0.018140770901992665
        ],
        "CST6:GIS1": [
            0.0,
            0.08844134333045106
        ],
        "CST6:MSN2": [
            0.0,
            0.0670343908615312
        ],
        "CST6:ASH1": [
            -0.08931607547595742,
            -0.018370884013700142
        ],
        "ASH1": [
            -0.03963232902257709,
            0.0
        ],
        "GIS1": [
            0.022565020212164614,
            0.07262080781305244
        ],
        "MSN2": [
            0.0,
            0.044764822312869886
        ]
    }
}