{
    "98.0": {
        "OAF1:MBP1": [
            -0.0509899872881248,
            -0.010275179179111913
        ],
        "MBP1": [
            -0.04572746242782771,
            -0.014263041352789996
        ],
        "PGD1": [
            0.055215466939038726,
            0.09799077430515575
        ],
        "RGM1": [
            0.034652813358586144,
            0.06886142543882254
        ]
    }
}