{
    "98.0": {
        "ACE2": [
            -0.030287795465685264,
            -0.005332775620749856
        ],
        "MBP1": [
            -0.03996685809363301,
            -0.016608645191360426
        ]
    }
}