{
    "90.0": {
        "TEC1:MBP1": [
            -0.10455880965213987,
            0.0
        ],
        "TEC1:GIS1": [
            0.0,
            0.08775130251725656
        ]
    }
}