{
    "XBP1:MTH1": [
        -0.066598985932578,
        -0.008393407426019864
    ],
    "XBP1:OPI1": [
        -0.055306500163889986,
        -0.015213271525148314
    ],
    "XBP1:INO4": [
        -0.06845379474497823,
        -0.015776867335868878
    ],
    "XBP1:MSN2": [
        0.031920090298578244,
        0.10376593803708195
    ],
    "XBP1:GAL80": [
        -0.06929324760329084,
        -0.01786510555944334
    ]
}