{
    "INO4": [
        -0.0468787122933352,
        -0.01867084796858614
    ],
    "MSN2": [
        0.025810368148788735,
        0.0824984265331016
    ]
}