{
    "98.0": {
        "PDR1:ARG81": [
            -0.040818292892839406,
            0.0
        ],
        "PDR1:UPC2": [
            -0.046535988881366716,
            0.0
        ],
        "PDR1:GIS1": [
            -7.111916794027079e-05,
            0.052821802262019935
        ],
        "PDR1:MSN2": [
            0.0,
            0.08328604561103574
        ],
        "PDR1:CSE2": [
            -0.06355188900772812,
            0.0
        ],
        "ARG81": [
            -0.02604620104384075,
            0.00615378307643106
        ],
        "CSE2": [
            -0.03679203227666759,
            0.0032726305159234406
        ],
        "GIS1": [
            0.04621806939475757,
            0.096600734595192
        ],
        "GZF3": [
            -0.051589837983580744,
            -0.01971303400546408
        ],
        "MSN2": [
            0.0003964494079326712,
            0.05622457111131902
        ],
        "UPC2": [
            -0.03625514533288157,
            0.0
        ]
    }
}