{
    "90.0": {
        "MED2:OPI1": [
            -0.08957111480805009,
            -0.020863742712878143
        ],
        "MED2:EAF1": [
            -0.06711972227791307,
            0.0
        ],
        "MED2:MET31": [
            -0.13904842966079736,
            -0.06511078301460634
        ],
        "MED2:GIS1": [
            0.019525066779825274,
            0.1354669655556438
        ],
        "MED2:MSN2": [
            0.06338030290376769,
            0.18802050072521867
        ]
    }
}