{
    "98.0": {
        "MET32:GAL4": [
            0.037815941030036604,
            0.08345555568290895
        ],
        "MET32:CBF1": [
            -0.05370480659498322,
            -0.020000734138929954
        ]
    }
}