{
    "ARO80:OPI1": [
        -0.0453115481340655,
        -0.017504604138251015
    ],
    "ARO80:GIS1": [
        0.02616491340725799,
        0.0646867720298675
    ],
    "ARO80:FKH1": [
        -0.029294460176064,
        -0.000398716226227685
    ]
}