{
    "USV1:WTM1": [
        -0.1209131697539594,
        -0.032150112393726435
    ],
    "USV1:PGD1": [
        0.01555396147833428,
        0.16546624648133756
    ],
    "USV1:AZF1": [
        -0.13767960392612968,
        -0.02277112811374246
    ],
    "USV1:GIS1": [
        0.022030259212966835,
        0.14525857034712952
    ]
}