{
    "90.0": {
        "PIP2:OPI1": [
            -0.08623412215910442,
            0.0
        ],
        "PIP2:GIS1": [
            0.0,
            0.06717362201836995
        ],
        "PIP2:MSN2": [
            0.0,
            0.11051703729173697
        ],
        "PIP2:TEA1": [
            -0.07833479516201036,
            0.0
        ]
    }
}