{
    "HAP4:OPI1": [
        -0.05558707297033416,
        -0.0009192690255003926
    ],
    "HAP4:SMP1": [
        -0.08124947862353216,
        -0.03570101108623473
    ],
    "GAL80": [
        -0.050051171116718265,
        -0.009383319395979852
    ],
    "HAP2": [
        0.052771797260509096,
        0.09489262770353818
    ],
    "HAP3": [
        0.019139441067247628,
        0.06954680550314232
    ]
}