{
    "HAP4:OPI1": [
        -0.12772783240869856,
        -0.042194526658471565
    ],
    "HAP4:HAP3": [
        0.05258271444688761,
        0.22090222935424222
    ],
    "HAP4:SMP1": [
        -0.21104159056458957,
        -0.11180819086854522
    ],
    "HAP4:HAP2": [
        0.06263053067739521,
        0.2269383570689129
    ],
    "HAP4:GAL80": [
        -0.12181138968258716,
        -0.03412779731251049
    ]
}