{
    "98.0": {
        "PDR3:GAL4": [
            0.0,
            0.049700648244467426
        ],
        "GAL4": [
            0.010324820567048852,
            0.06024265105858123
        ]
    }
}