{
    "98.0": {
        "CHA4:LYS14": [
            -0.028250579005767412,
            -0.0008699100845973776
        ],
        "CHA4:PDR3": [
            -0.03360510543679248,
            0.0
        ],
        "CHA4:MSN2": [
            0.0,
            0.048288149026741736
        ],
        "GIS1": [
            0.030338336468692488,
            0.06664505710722042
        ],
        "MSN2": [
            0.00018633919753493802,
            0.04508773789581738
        ],
        "PDR3": [
            -0.027968991419745484,
            0.003380608329352586
        ],
        "RTG1": [
            -0.052393545067741465,
            -0.022705054173456283
        ]
    }
}