{
    "98.0": {
        "PHO2:MSN2": [
            -0.0022128511480609247,
            0.029610866687753153
        ],
        "MSN2": [
            0.0,
            0.04429395157914111
        ]
    }
}