{
    "CUP9:ERT1": [
        -0.05386440142954648,
        -0.004544359438536087
    ],
    "ERT1": [
        -0.035489258885080414,
        -0.002925614397588724
    ],
    "FKH1": [
        -0.035643082310017296,
        -0.007844356993309999
    ],
    "GIS1": [
        0.06799511587906185,
        0.10770445784291223
    ]
}