{
    "CUP9:ERT1": [
        -0.05146282952049099,
        -0.0032178461219786385
    ],
    "ERT1": [
        -0.036907235718454647,
        -0.0037658882831038566
    ],
    "FKH1": [
        -0.035611035867478824,
        -0.006960307989628558
    ],
    "GIS1": [
        0.06680090872194908,
        0.1083097566167525
    ]
}