{
    "50.0": {
        "TYE7:MIG1": [
            0.0,
            0.0
        ],
        "TYE7:RGM1": [
            0.0,
            0.0
        ],
        "TYE7:CYC8": [
            0.0,
            0.00535387507409644
        ],
        "TYE7:GIS1": [
            0.0,
            0.011304630100494354
        ],
        "TYE7:MSN2": [
            0.0,
            0.0018958423474283977
        ]
    }
}