{
    "98.0": {
        "MET32:GAL4": [
            0.0,
            0.07175635993295418
        ],
        "MET32:CBF1": [
            -0.04820970692167551,
            0.0
        ],
        "GAL4": [
            -0.0,
            0.05996609622001912
        ]
    }
}