{
    "90.0": {
        "USV1:WTM1": [
            -0.1209131697539594,
            -0.032150112393726435
        ],
        "USV1:EAF1": [
            -0.06188926396037199,
            0.0
        ],
        "USV1:PGD1": [
            0.01555396147833428,
            0.16546624648133756
        ],
        "USV1:MBP1": [
            -0.075375939684707,
            0.0
        ],
        "USV1:AZF1": [
            -0.13767960392612968,
            -0.02277112811374246
        ],
        "USV1:UPC2": [
            -0.09771671306976712,
            0.0
        ],
        "USV1:GIS1": [
            0.022030259212966835,
            0.14525857034712952
        ],
        "USV1:GAL4": [
            0.0,
            0.10445035090531636
        ],
        "USV1:FKH1": [
            -0.04617782756089031,
            0.010151633647256235
        ]
    }
}