{
    "YAP6:BAS1": [
        -0.03517072925863583,
        -0.005813075738769851
    ],
    "YAP6:OPI1": [
        -0.06581351079562459,
        -0.026880852109505627
    ],
    "YAP6:GIS1": [
        0.010192257479700642,
        0.060057646309322164
    ]
}