{
    "CIN5:OPI1": [
        -0.0491498154939685,
        -0.01408519547432386
    ],
    "CIN5:IXR1": [
        0.009150508598681422,
        0.06998127642415936
    ]
}