{
    "CIN5:OPI1": [
        -0.050045168345991875,
        -0.012826158166121484
    ],
    "CIN5:IXR1": [
        0.00795354494952367,
        0.07180386241287694
    ]
}