{
    "CIN5:OPI1": [
        -0.08268505188244146,
        -0.0022906304889764536
    ],
    "CIN5:EAF1": [
        -0.08237638873738129,
        -0.004692560784981416
    ],
    "CIN5:IXR1": [
        0.030024271130373096,
        0.1444209176089954
    ]
}