{
    "98.0": {
        "CST6:ARG81": [
            -0.05214640324204034,
            -0.018140770901992682
        ],
        "CST6:GIS1": [
            0.0,
            0.08844134333045103
        ],
        "CST6:MSN2": [
            0.0,
            0.06703439086153122
        ],
        "CST6:ASH1": [
            -0.08931607547595742,
            -0.018370884013700156
        ],
        "ASH1": [
            -0.03963232902257708,
            0.0
        ],
        "GIS1": [
            0.022565020212164593,
            0.07262080781305241
        ],
        "MSN2": [
            0.0,
            0.04476482231286988
        ]
    }
}