{
    "90.0": {
        "HAP3:MTH1": [
            -0.06916501634014682,
            0.0
        ],
        "HAP3:MET31": [
            -0.058513421866220224,
            0.0
        ],
        "HAP3:GIS1": [
            0.0,
            0.0990236211135323
        ],
        "HAP3:RTG1": [
            -0.05498764728443473,
            0.0
        ],
        "HAP3:MSN2": [
            0.0,
            0.09372512104501195
        ],
        "HAP3:ERT1": [
            -0.03273505997085565,
            0.00926135389832913
        ]
    }
}