{
    "98.0": {
        "ACE2:EAF1": [
            -0.04560733763033264,
            -0.008015120983471232
        ],
        "ACE2:PGD1": [
            0.008746052684132926,
            0.07401147125419452
        ],
        "ACE2:SMP1": [
            -0.0740262316049576,
            -0.026081944507964985
        ],
        "ACE2:DAT1": [
            -0.06493983559098107,
            -0.01599428385145958
        ],
        "ACE2:TUP1": [
            -0.006892011059472777,
            0.05180604259899871
        ],
        "ACE2:YHP1": [
            -0.06341757385087678,
            -0.013831254850430108
        ],
        "ACE2:GIS1": [
            0.0,
            0.05590479798700523
        ],
        "ACE2:GAL4": [
            0.025112856526644804,
            0.07207106983085297
        ],
        "ACE2:GAL80": [
            0.01219951555850591,
            0.06971068569004434
        ]
    }
}