{
    "98.0": {
        "PIP2:OPI1": [
            -0.056216169197276934,
            -0.023754704678126952
        ],
        "PIP2:GIS1": [
            0.008044618615824013,
            0.0558595194278249
        ],
        "PIP2:MSN2": [
            0.017293556564739465,
            0.06663253800738622
        ],
        "PIP2:TEA1": [
            -0.049086516284941414,
            -0.016718322587975117
        ]
    }
}