{
    "98.0": {
        "MIG1:GAT4": [
            0.0,
            0.0590213349704539
        ],
        "MIG1:EAF1": [
            -0.036775692112327854,
            -0.0014003323305040228
        ],
        "MIG1:RTG3": [
            -0.040716917414219504,
            0.0
        ],
        "MIG1:CYC8": [
            0.04377014516597528,
            0.09895867074264743
        ],
        "MIG1:CBF1": [
            -0.04832318266492169,
            -0.011047715252252168
        ]
    }
}