{
    "INO4:SMP1": [
        -0.05565812827433058,
        -0.009253089265359839
    ],
    "INO4:FKH2": [
        -0.05872469949337717,
        -0.022743065617231998
    ],
    "INO4:GAL4": [
        0.004358225894522072,
        0.0753291436477169
    ],
    "PGD1": [
        0.03126124526970007,
        0.07451770113439767
    ]
}