{
    "98.0": {
        "RPN4:ACE2": [
            -0.050501352171278234,
            -0.0069568139111019535
        ],
        "RPN4:EAF1": [
            0.0,
            0.04210063892577578
        ],
        "RPN4:RPD3": [
            0.0,
            0.06011824613978764
        ],
        "RPN4:MBP1": [
            -0.055302575081495386,
            -0.00864205306911408
        ]
    }
}