{
    "98.0": {
        "NRG1:MET31": [
            -0.05063560711372131,
            0.0
        ],
        "NRG1:MSN2": [
            0.0,
            0.0654039728159104
        ],
        "NRG1:GAL80": [
            -0.04305364073821167,
            0.0
        ],
        "GAL80": [
            -0.033166070466975596,
            2.0839954616934202e-05
        ],
        "MET31": [
            -0.0355002759548389,
            6.264428321332602e-08
        ],
        "MSN2": [
            0.0,
            0.045190309717457494
        ]
    }
}