{
    "90.0": {
        "PDR3:PGD1": [
            0.0,
            0.10126447916442774
        ],
        "PDR3:SMP1": [
            -0.07379878738323536,
            0.0
        ],
        "PDR3:MBP1": [
            -0.05739994855755628,
            0.0
        ],
        "PDR3:FKH2": [
            -0.068929707850754,
            0.0
        ],
        "PDR3:UPC2": [
            -0.07005458809259885,
            0.0
        ],
        "PDR3:GAL4": [
            0.10005301992642582,
            0.20833093300738356
        ]
    }
}