{
    "GZF3:MBP1": [
        -0.05616232957771151,
        -0.01784130855859961
    ],
    "GZF3:FKH2": [
        -0.05736443157969041,
        -0.014419877985110704
    ],
    "GZF3:GIS1": [
        0.0039007564058803758,
        0.06923524918060331
    ],
    "GZF3:MSN2": [
        0.0016487495195270537,
        0.0725688147881633
    ],
    "GZF3:GAL4": [
        0.012409324278354825,
        0.06942292870449517
    ],
    "GZF3:CBF1": [
        -0.05206172202915114,
        -0.013810577678277288
    ]
}