{
    "90.0": {
        "DIG1:OPI1": [
            -0.05419894817220154,
            0.0
        ],
        "DIG1:SMP1": [
            -0.044587104218955974,
            0.0
        ],
        "DIG1:GIS1": [
            0.0,
            0.0775802923319784
        ],
        "DIG1:MSN2": [
            0.0,
            0.07981963861495713
        ],
        "DIG1:FKH1": [
            -0.06882071243963099,
            0.0
        ]
    }
}