{
    "98.0": {
        "MET32:GAL4": [
            0.0,
            0.06862492999345901
        ],
        "MET32:CBF1": [
            -0.04766182134904836,
            0.0
        ],
        "GAL4": [
            0.00027499485977945735,
            0.060849342425730396
        ]
    }
}