{
    "90.0": {
        "HAA1:GAT4": [
            0.0,
            0.19321853118935745
        ],
        "HAA1:OPI1": [
            -0.10926046309505225,
            0.0
        ],
        "HAA1:TEA1": [
            -0.13426822974720512,
            0.0
        ]
    }
}