{
    "SKO1:OPI1": [
        -0.06487181358105304,
        -0.02520933752837403
    ],
    "SKO1:GIS1": [
        0.010866580639210232,
        0.06945525241833285
    ]
}