{
    "SKO1:OPI1": [
        -0.06487181358105307,
        -0.02520933752837401
    ],
    "SKO1:GIS1": [
        0.010866580639210241,
        0.06945525241833285
    ]
}