{
    "90.0": {
        "ARG81:RTG3": [
            -0.11555030701482374,
            0.0
        ],
        "ARG81:FKH2": [
            -0.08518828219872411,
            0.0
        ],
        "ARG81:UPC2": [
            -0.09154726069462119,
            0.0
        ],
        "ARG81:GAL11": [
            0.0,
            0.12145222888757301
        ],
        "ARG81:GIS1": [
            0.0,
            0.07072488919555842
        ],
        "ARG81:MSN2": [
            0.0,
            0.09775782092163243
        ],
        "ARG81:GAL4": [
            0.0,
            0.12865617588418501
        ]
    }
}