{
    "98.0": {
        "GIS1:ARG80": [
            -0.0681817750503381,
            -0.015234816186646814
        ],
        "GIS1:GAL4": [
            0.0,
            0.05551576418182262
        ],
        "ARG80": [
            -0.025021266199845422,
            0.011174436489289846
        ],
        "GAL4": [
            0.00048658765294289145,
            0.04946815208841363
        ],
        "PGD1": [
            0.032391320694863744,
            0.06951317725764473
        ]
    }
}