{
    "TEA1:ACA1": [
        -0.055453744955451974,
        -0.021167778082746176
    ],
    "TEA1:ARG80": [
        -0.05154503963123575,
        -0.01688596373897958
    ],
    "TEA1:GAT4": [
        0.017904169543467015,
        0.05185976835719036
    ],
    "TEA1:MSN2": [
        0.0005106188902953427,
        0.0566508469940586
    ]
}