{
    "TEA1:ACA1": [
        -0.055453744955451974,
        -0.021167778082746187
    ],
    "TEA1:ARG80": [
        -0.05154503963123577,
        -0.01688596373897956
    ],
    "TEA1:GAT4": [
        0.01790416954346701,
        0.05185976835719038
    ],
    "TEA1:MSN2": [
        0.000510618890295311,
        0.0566508469940586
    ]
}