{
    "90.0": {
        "CBF1:WTM1": [
            -0.08980365314364132,
            0.0
        ],
        "CBF1:MBP1": [
            -0.06064754557465116,
            0.0034922580418429616
        ],
        "CBF1:DAT1": [
            -0.10416446325160174,
            0.0
        ],
        "CBF1:MET28": [
            0.0,
            0.1669018120215264
        ],
        "CBF1:TUP1": [
            0.0,
            0.07017868672565723
        ],
        "CBF1:UPC2": [
            -0.0959514185850529,
            0.0
        ],
        "CBF1:GAL4": [
            0.0,
            0.12991981690698942
        ]
    }
}