{
    "90.0": {
        "HAP4:OPI1": [
            -0.12772783240869856,
            -0.04219452665847155
        ],
        "HAP4:HAP3": [
            0.0525827144468876,
            0.22090222935424222
        ],
        "HAP4:SMP1": [
            -0.21104159056458957,
            -0.11180819086854522
        ],
        "HAP4:TUP1": [
            0.0,
            0.07557053409444651
        ],
        "HAP4:HAP2": [
            0.06263053067739524,
            0.22693835706891294
        ],
        "HAP4:GAL80": [
            -0.12181138968258717,
            -0.034127797312510505
        ]
    }
}