{
    "HAP4:OPI1": [
        -0.06333707823188776,
        -0.020552301675311378
    ],
    "HAP4:HAP3": [
        0.0014967371902954087,
        0.08719982935057054
    ],
    "HAP4:SMP1": [
        -0.09754884407863294,
        -0.04181946586139789
    ],
    "HAP4:TUP1": [
        0.009638946012054691,
        0.05345129844788165
    ],
    "HAP4:HAP2": [
        0.018348335763718217,
        0.1087673009682562
    ],
    "HAP4:GAL80": [
        -0.07396700242455179,
        -0.02434683133626011
    ]
}