{
    "HAP4:SMP1": [
        -0.08195468999276763,
        -0.03484063787343937
    ],
    "GAL80": [
        -0.04845552784320146,
        -0.010264543072591111
    ],
    "HAP2": [
        0.052331311758407995,
        0.09409360032520762
    ],
    "HAP3": [
        0.016127182707028256,
        0.07027146779424862
    ]
}