{
    "98.0": {
        "SUM1:RGM1": [
            0.0012934630370663198,
            0.04852221574821305
        ],
        "SUM1:ARG80": [
            -0.03678758464731714,
            -0.0021238497893524702
        ],
        "SUM1:ARG81": [
            -0.034481772641399476,
            0.0
        ],
        "SUM1:MBP1": [
            -0.04024612737014478,
            -0.0018191928020372416
        ],
        "SUM1:DAT1": [
            -0.0381958466400767,
            -0.00043833320143029893
        ],
        "SUM1:MET31": [
            -0.047624183984048676,
            -0.0006291770360114499
        ],
        "SUM1:GIS1": [
            0.02305272357007203,
            0.07653190657945151
        ],
        "SUM1:MSN2": [
            0.03679873049110389,
            0.09110786407410032
        ],
        "SUM1:FKH1": [
            -0.035613015208916084,
            -0.006991250389729597
        ],
        "SUM1:ERT1": [
            -0.0473913230360175,
            -0.009286795984719482
        ]
    }
}