{
    "FKH2": [
        -0.03557602407211564,
        -0.01248901462642714
    ],
    "TEA1": [
        -0.03119768297083899,
        -0.009824492387460878
    ]
}