{
    "SFP1:FKH2": [
        -0.10303110077087768,
        -0.023953023207406516
    ],
    "SFP1:TEA1": [
        -0.1260492093711878,
        -0.04123290407301989
    ]
}