{
    "90.0": {
        "RTG3:OPI1": [
            -0.0871272769670052,
            0.0
        ],
        "RTG3:EAF1": [
            -0.07847211669350042,
            0.0
        ],
        "RTG3:GIS1": [
            0.0,
            0.15881762371278121
        ],
        "RTG3:ERT1": [
            -0.061079437889950766,
            0.006062543976393251
        ]
    }
}