{
    "MED2:MET31": [
        -0.07273550788889777,
        -0.012544340595253849
    ],
    "GIS1": [
        0.051809628116178126,
        0.08890379836313708
    ],
    "MET31": [
        -0.042272319805847475,
        -0.0028627167038571635
    ],
    "OPI1": [
        -0.04942795473000051,
        -0.02249583794428238
    ]
}