{
    "MED2:MET31": [
        -0.06967316860817589,
        -0.013205195345373651
    ],
    "GIS1": [
        0.05073064468687434,
        0.08708977942576983
    ],
    "MET31": [
        -0.040574165856111385,
        -0.002358554154005627
    ],
    "OPI1": [
        -0.0493432564718883,
        -0.02342352198851396
    ]
}