{
    "RTG1:SWI4": [
        -0.03403157581666989,
        -0.002835019804270075
    ],
    "RTG1:OPI1": [
        -0.0508997338444844,
        -0.010479009652852343
    ],
    "RTG1:GIS1": [
        0.05750831924173389,
        0.1252031653698163
    ],
    "RTG1:STE12": [
        -0.04043686204409465,
        -0.00030026387359728224
    ],
    "RTG1:ERT1": [
        -0.058086659918610915,
        -0.014138931585851621
    ]
}