{
    "98.0": {
        "MET31:DIG1": [
            -0.027308485369137256,
            0.003506422915277117
        ],
        "MET31:SMP1": [
            -0.05118775811800809,
            -0.007480187194988463
        ],
        "MET31:GAL4": [
            0.0,
            0.062160639927445485
        ],
        "DIG1": [
            -0.027600951094746688,
            0.0
        ],
        "GAL4": [
            0.0,
            0.04746499063029863
        ],
        "SMP1": [
            -0.025064378414349955,
            0.005435991633693629
        ],
        "TUP1": [
            0.043819664368773804,
            0.07594887092548018
        ]
    }
}