{
    "HAP2:MIG1": [
        0.0042991908274680295,
        0.054225964932456024
    ],
    "FKH1": [
        -0.030985120139404604,
        -0.0020603366248640315
    ]
}