{
    "98.0": {
        "ZAP1:SWI4": [
            -0.052996935117465165,
            -0.010700779170546027
        ],
        "ZAP1:PGD1": [
            0.0,
            0.0580585370603118
        ],
        "ZAP1:MBP1": [
            -0.05165340931449052,
            -0.005979868637505365
        ],
        "ZAP1:MSN2": [
            0.003192655425620834,
            0.05992594643378956
        ],
        "ZAP1:GAL4": [
            0.0,
            0.06315314821638704
        ],
        "ZAP1:FKH1": [
            -0.044358755123972124,
            -0.006072087893843467
        ]
    }
}