{
    "98.0": {
        "CIN5:OPI1": [
            -0.05004516834599189,
            -0.012826158166121473
        ],
        "CIN5:EAF1": [
            -0.03386692434396987,
            0.002760415287644973
        ],
        "CIN5:IXR1": [
            0.007953544949523666,
            0.0718038624128769
        ],
        "EAF1": [
            -0.02391267453587919,
            0.0072207148673433625
        ],
        "IXR1": [
            -0.0034979350021545077,
            0.03306986190494768
        ]
    }
}