{
    "98.0": {
        "USV1:WTM1": [
            -0.07031655839430798,
            -0.02835413016359458
        ],
        "USV1:PGD1": [
            0.0,
            0.09018356041699722
        ],
        "USV1:AZF1": [
            -0.09457794658504079,
            -0.012127714720711122
        ],
        "AZF1": [
            0.0,
            0.05181997173576202
        ],
        "GIS1": [
            0.03195964713981587,
            0.06805797618948842
        ],
        "PGD1": [
            0.007574585838739091,
            0.06260714895856799
        ]
    }
}