{
    "GIS1": [
        0.04621806939475757,
        0.096600734595192
    ],
    "GZF3": [
        -0.051589837983580744,
        -0.01971303400546408
    ],
    "MSN2": [
        0.0003964494079326712,
        0.05622457111131902
    ]
}