{
    "98.0": {
        "XBP1:OPI1": [
            -0.05495670427178005,
            0.0
        ],
        "XBP1:MSN2": [
            0.0,
            0.08157019249095786
        ],
        "XBP1:GAL80": [
            -0.053464069967452524,
            0.0
        ],
        "GAL80": [
            -0.03296659602282585,
            0.0011162137392201803
        ],
        "INO4": [
            -0.046917537792977235,
            -0.017583155928164073
        ],
        "MSN2": [
            0.023941837045989237,
            0.08157146741218728
        ],
        "OPI1": [
            -0.030589600769747666,
            0.0043332572639800376
        ]
    }
}