{
    "98.0": {
        "NRG1:SWI4": [
            -0.044662077633722236,
            -0.010255668954825022
        ],
        "NRG1:LYS14": [
            -0.03367430449914218,
            -0.0024233017648003165
        ],
        "NRG1:MET31": [
            -0.05012201609086241,
            -0.008316014686950453
        ],
        "NRG1:GIS1": [
            0.008041987167555215,
            0.0628670629599967
        ],
        "NRG1:MSN2": [
            0.03025381630527998,
            0.08815756897503402
        ],
        "NRG1:SUM1": [
            0.0019082357118531965,
            0.04878018081024954
        ],
        "NRG1:GAL80": [
            -0.04402755237803177,
            -0.006486266901096241
        ],
        "NRG1:ERT1": [
            -0.05340500022122805,
            -0.0077179921374310664
        ]
    }
}