{
    "98.0": {
        "PGD1:SWI6": [
            -0.047059004041363844,
            -0.00013133618938218172
        ],
        "PGD1:ARG81": [
            -0.05808091592625286,
            -0.015579880126679692
        ],
        "PGD1:GIS1": [
            0.023770196051967195,
            0.08375824967172835
        ],
        "ARG81": [
            -0.023912821444437505,
            0.00591087965023703
        ],
        "GIS1": [
            0.0003998140475471204,
            0.04387413669784359
        ],
        "SWI6": [
            -0.036269424109910395,
            -0.0003752294295124173
        ]
    }
}