{
    "90.0": {
        "PHO2:ARG80": [
            -0.04507827633800026,
            0.0
        ],
        "PHO2:DIG1": [
            -0.05545516910644233,
            0.0
        ],
        "PHO2:GAT4": [
            0.0,
            0.07839998121556738
        ],
        "PHO2:ZAP1": [
            -0.09163924513575042,
            0.0
        ],
        "PHO2:GIS1": [
            0.0,
            0.09397026412559667
        ],
        "PHO2:MSN2": [
            0.0037550122135830448,
            0.15025316572076056
        ],
        "PHO2:TEA1": [
            -0.08019718973864692,
            0.0
        ],
        "PHO2:ERT1": [
            -0.07191458836351944,
            0.0
        ]
    }
}