{
    "98.0": {
        "RPH1:STB5": [
            -6.821462037200046e-08,
            0.03316134303195286
        ],
        "RPH1:RGM1": [
            0.011535172420559882,
            0.06675087266702555
        ],
        "RPH1:OPI1": [
            -0.04526852820770533,
            -0.00734566038326303
        ],
        "RPH1:PGD1": [
            0.006494849865226472,
            0.062495689158592695
        ],
        "RPH1:TOG1": [
            -0.07228684893543282,
            -0.018468969570687593
        ],
        "RPH1:DAT1": [
            -0.04127519583022485,
            -0.003135066741420068
        ],
        "RPH1:MSN2": [
            0.031702838749171534,
            0.09673044556335136
        ],
        "RPH1:FKH1": [
            -0.03788390044371879,
            -0.004377183082812636
        ],
        "RPH1:CBF1": [
            -0.030852202493163887,
            0.001459317429241312
        ],
        "RPH1:ERT1": [
            -0.04911150825843957,
            -0.0023900786682789573
        ]
    }
}