{
    "98.0": {
        "STB5:DAT1": [
            -0.048084880797351466,
            0.0
        ],
        "STB5:GAL4": [
            0.009926286220340103,
            0.08495279153213252
        ],
        "STB5:CBF1": [
            -0.04487361235413971,
            0.0
        ]
    }
}