{
    "MET4:SMP1": [
        -0.06802945910083759,
        -0.014072086744020893
    ],
    "MSN2": [
        0.02640993921424209,
        0.07140772304206566
    ]
}