{
    "98.0": {
        "HAP2:MIG1": [
            0.009750591699112039,
            0.046595253245280396
        ],
        "HAP2:GAT4": [
            0.0,
            0.04112458319469795
        ],
        "HAP2:OPI1": [
            -0.0525804683656732,
            -0.015067791800120172
        ],
        "HAP2:PGD1": [
            -0.011609554171933488,
            0.04008138717372782
        ],
        "HAP2:DAT1": [
            -0.04903301865596293,
            -0.0070678624123272984
        ],
        "HAP2:TUP1": [
            0.0,
            0.048578442898231815
        ],
        "HAP2:MSN2": [
            0.007255512349046747,
            0.055160085052406264
        ],
        "HAP2:CRZ1": [
            -0.04785468013991638,
            -0.006760264886902598
        ],
        "HAP2:FKH1": [
            -0.03326992178694975,
            -0.005053355749837858
        ]
    }
}