{
    "98.0": {
        "HAP2:MIG1": [
            0.009750591699112035,
            0.046595253245280396
        ],
        "HAP2:GAT4": [
            0.0,
            0.041124583194697945
        ],
        "HAP2:OPI1": [
            -0.052580468365673184,
            -0.015067791800120188
        ],
        "HAP2:PGD1": [
            -0.011609554171933517,
            0.040081387173727834
        ],
        "HAP2:DAT1": [
            -0.04903301865596293,
            -0.007067862412327296
        ],
        "HAP2:TUP1": [
            0.0,
            0.04857844289823184
        ],
        "HAP2:MSN2": [
            0.007255512349046747,
            0.055160085052406285
        ],
        "HAP2:CRZ1": [
            -0.047854680139916374,
            -0.006760264886902612
        ],
        "HAP2:FKH1": [
            -0.03326992178694975,
            -0.005053355749837846
        ]
    }
}