{
    "YHP1:OPI1": [
        -0.052309845044633624,
        -0.018343652258206333
    ],
    "YHP1:FKH2": [
        -0.047208123131538195,
        -0.00613172368224014
    ],
    "YHP1:GIS1": [
        0.025754753186780388,
        0.07874186570399906
    ],
    "YHP1:FKH1": [
        -0.03692680876711684,
        -0.0010622055677739863
    ]
}