{
    "GIS1": [
        0.049251991146245885,
        0.08372620390252192
    ],
    "OPI1": [
        -0.04714597116085658,
        -0.014403530246735855
    ]
}