{
    "GIS1": [
        0.05016658240430064,
        0.08419838890591347
    ],
    "OPI1": [
        -0.04899822548860938,
        -0.013317817860313403
    ]
}