{
    "98.0": {
        "CUP9:RGM1": [
            0.0,
            0.06545931968641769
        ],
        "CUP9:GIS1": [
            0.03347971071360869,
            0.0981103235773688
        ],
        "CUP9:MSN2": [
            0.0,
            0.0762763958610308
        ],
        "CUP9:FKH1": [
            -0.04765217730969216,
            -0.010022112021280616
        ],
        "CUP9:GAL80": [
            -0.06098268928081441,
            -0.0030745960970535403
        ],
        "CUP9:PPR1": [
            -0.06858301405684478,
            0.0
        ],
        "CUP9:ERT1": [
            -0.07189810240872527,
            -0.019837032009169378
        ]
    }
}