{
    "98.0": {
        "PPR1:OPI1": [
            -0.05663338726788119,
            -0.022053313121744182
        ],
        "PPR1:GIS1": [
            0.01602916321833341,
            0.06250215922904924
        ]
    }
}