{
    "90.0": {
        "STE12:OPI1": [
            -0.10751257674646428,
            0.0
        ],
        "STE12:PGD1": [
            0.004450919765651812,
            0.14055612417737942
        ],
        "STE12:GIS1": [
            0.0,
            0.09996112295545076
        ],
        "STE12:FKH1": [
            -0.08515558125774325,
            0.0
        ]
    }
}