{
    "MET31:DIG1": [
        -0.04150557881606491,
        -0.007551129254681852
    ],
    "MET31:OPI1": [
        -0.041954345550051106,
        -0.006947293216407519
    ],
    "MET31:SMP1": [
        -0.06006351399805643,
        -0.017016159927807157
    ],
    "MET31:TUP1": [
        0.010549278963912695,
        0.06808983424874852
    ],
    "MET31:UPC2": [
        -0.058384207647440164,
        -0.015482925145788952
    ],
    "MET31:MSN2": [
        0.016560872080108303,
        0.07113800596756446
    ],
    "MET31:GAL4": [
        0.02051967452099406,
        0.06464848500455284
    ],
    "MET31:GAL80": [
        0.010250928353713842,
        0.06723653810687046
    ]
}