{
    "MET31:SMP1": [
        -0.05118775811800811,
        -0.007480187194988457
    ],
    "TUP1": [
        0.04381966436877381,
        0.07594887092548018
    ]
}