{
    "MET31:DIG1": [
        -0.08424535030057369,
        -0.009355057102586628
    ],
    "MET31:SMP1": [
        -0.09691336396069518,
        -0.012982218047477961
    ],
    "MET31:TUP1": [
        0.008121587114953973,
        0.09864204765795402
    ],
    "MET31:GAL4": [
        0.03817131652613921,
        0.13350395344715132
    ]
}