{
    "98.0": {
        "PHD1:GAT4": [
            0.0,
            0.044012766089034226
        ],
        "PHD1:OPI1": [
            -0.05994379189558041,
            -0.020941968616855468
        ],
        "PHD1:MBP1": [
            -0.05222866867174629,
            -0.010116236194368057
        ],
        "PHD1:GIS1": [
            0.020358419331178598,
            0.07518408066709534
        ],
        "PHD1:MSN2": [
            0.0,
            0.06242917745388573
        ],
        "PHD1:STE12": [
            -0.0439290466993104,
            -0.0008591824628565942
        ]
    }
}