{
    "98.0": {
        "ARG80:GAL4": [
            0.0,
            0.03832790424314285
        ],
        "GAL4": [
            0.01714715768578064,
            0.06590950469454038
        ]
    }
}