{
    "98.0": {
        "CSE2:SWI4": [
            -0.04066053537572267,
            -0.006093097089831821
        ],
        "CSE2:LYS14": [
            -0.033179296064634135,
            -0.007069141059558695
        ],
        "CSE2:RGM1": [
            -0.002755137059904108,
            0.04068998796960228
        ],
        "CSE2:GAT4": [
            -0.0,
            0.04434743753228301
        ],
        "CSE2:OPI1": [
            -0.038281324237233294,
            -0.003070389225071043
        ],
        "CSE2:GIS1": [
            0.0,
            0.054295743623525246
        ],
        "CSE2:MSN2": [
            0.005579451420638385,
            0.06342719769974874
        ],
        "CSE2:ERT1": [
            -0.06014497814715192,
            -0.018207105536979573
        ]
    }
}