{
    "98.0": {
        "CSE2:SWI4": [
            -0.040660535375722666,
            -0.006093097089831798
        ],
        "CSE2:LYS14": [
            -0.03317929606463414,
            -0.0070691410595586915
        ],
        "CSE2:RGM1": [
            -0.002755137059904108,
            0.04068998796960226
        ],
        "CSE2:GAT4": [
            -0.0,
            0.04434743753228301
        ],
        "CSE2:OPI1": [
            -0.038281324237233294,
            -0.003070389225071045
        ],
        "CSE2:GIS1": [
            0.0,
            0.05429574362352527
        ],
        "CSE2:MSN2": [
            0.005579451420638375,
            0.06342719769974871
        ],
        "CSE2:ERT1": [
            -0.060144978147151924,
            -0.018207105536979566
        ]
    }
}