{
    "90.0": {
        "MET4:PGD1": [
            0.0,
            0.17028362607055303
        ],
        "MET4:SMP1": [
            -0.12538133907481275,
            -0.015268170962564432
        ],
        "MET4:INO4": [
            -0.12874295736364746,
            0.0
        ],
        "MET4:FKH2": [
            -0.09020328917608256,
            0.0
        ],
        "MET4:MSN2": [
            0.012208962687791048,
            0.15116841416818275
        ]
    }
}