{
    "98.0": {
        "HAP2:MIG1": [
            0.0,
            0.055318433458217964
        ],
        "HAP2:OPI1": [
            -0.03059932985790718,
            0.006845846761157159
        ],
        "HAP2:DAT1": [
            -0.03146139596720292,
            0.0
        ],
        "FKH1": [
            -0.03092383340006988,
            -0.0009175333563490655
        ],
        "OPI1": [
            -0.0318063822142105,
            0.0
        ]
    }
}