{
    "90.0": {
        "TEA1:ACA1": [
            -0.07767239170005105,
            0.0
        ],
        "TEA1:ARG80": [
            -0.08315911087232804,
            0.0
        ],
        "TEA1:GAT4": [
            0.0,
            0.0890329803083603
        ],
        "TEA1:MSN2": [
            0.0,
            0.09518984412665754
        ]
    }
}