{
    "90.0": {
        "PPR1:OPI1": [
            -0.06578602586104305,
            0.0
        ],
        "PPR1:GIS1": [
            -0.006469956281618049,
            0.046725163467740256
        ]
    }
}