{
    "90.0": {
        "AFT1:SWI6": [
            -0.11613865392902777,
            0.0
        ],
        "AFT1:STB5": [
            0.0,
            0.07563941490681432
        ],
        "AFT1:BAS1": [
            0.0,
            0.08597786829814934
        ],
        "AFT1:IME4": [
            0.0,
            0.0832945120069987
        ],
        "AFT1:DAT1": [
            -0.12259143739983992,
            -0.01916802085631102
        ],
        "AFT1:GAL4": [
            0.030679932685403852,
            0.17050997154071384
        ],
        "AFT1:CBF1": [
            -0.10361542183376896,
            0.0
        ]
    }
}