{
    "90.0": {
        "AFT1:SWI6": [
            -0.11613865392902781,
            0.0
        ],
        "AFT1:STB5": [
            0.0,
            0.0756394149068143
        ],
        "AFT1:BAS1": [
            0.0,
            0.08597786829814934
        ],
        "AFT1:IME4": [
            0.0,
            0.08329451200699865
        ],
        "AFT1:DAT1": [
            -0.1225914373998399,
            -0.01916802085631102
        ],
        "AFT1:GAL4": [
            0.030679932685403855,
            0.17050997154071384
        ],
        "AFT1:CBF1": [
            -0.10361542183376894,
            0.0
        ]
    }
}