{
    "98.0": {
        "UME1:SWI6": [
            -0.03153825652377465,
            -0.0011592452911855058
        ],
        "UME1:ARG80": [
            -0.03310070904170266,
            0.0
        ],
        "UME1:EAF1": [
            -0.03472785382843677,
            -0.00423154888624557
        ],
        "UME1:INO4": [
            -0.04350839647693433,
            -0.008858759103114934
        ],
        "UME1:FKH2": [
            -0.03316071951678691,
            -0.00205372862483879
        ],
        "UME1:GIS1": [
            0.0168596926400268,
            0.06817752378396821
        ],
        "UME1:MSN2": [
            0.030126182227412982,
            0.0883751645679868
        ],
        "UME1:GCN4": [
            -0.036455811961897996,
            0.0
        ]
    }
}