{
    "98.0": {
        "UME1:INO4": [
            -0.04403029763052121,
            0.0
        ],
        "UME1:FKH2": [
            -0.04419305085101925,
            -0.015885991711374926
        ],
        "UME1:MSN2": [
            0.0,
            0.06922288884114298
        ],
        "INO4": [
            -0.0404311180921709,
            0.0
        ],
        "MSN2": [
            0.0077801213790117925,
            0.061587101394878864
        ]
    }
}