{
    "AFT1:SWI6": [
        -0.04870585062245799,
        -0.001177692880243657
    ],
    "AFT1:STB5": [
        0.0033114111509718303,
        0.0456515296951078
    ],
    "AFT1:BAS1": [
        0.0007707802003352446,
        0.03878027928097566
    ],
    "AFT1:IME4": [
        0.0016265578496115092,
        0.047210152228846516
    ],
    "AFT1:DAT1": [
        -0.04900316600093546,
        -0.0004179228859189356
    ],
    "AFT1:GAL4": [
        0.03432030169318157,
        0.0887920911726602
    ],
    "AFT1:CBF1": [
        -0.05205739679337504,
        -0.008252429193927987
    ]
}