{
    "AFT1:DAT1": [
        -0.1225914373998399,
        -0.01916802085631102
    ],
    "AFT1:GAL4": [
        0.030679932685403855,
        0.17050997154071384
    ]
}