{
    "AFT1:DAT1": [
        -0.12259143739983992,
        -0.01916802085631102
    ],
    "AFT1:GAL4": [
        0.030679932685403852,
        0.17050997154071384
    ]
}