{
    "98.0": {
        "ARG80:WTM1": [
            -0.055121261442307105,
            -0.00770313425799483
        ],
        "ARG80:EAF1": [
            -0.038189599876291946,
            -0.004440604124888287
        ],
        "ARG80:PGD1": [
            0.012286840317786565,
            0.07820361870952841
        ],
        "ARG80:TUP1": [
            0.0,
            0.04782779861946163
        ],
        "ARG80:GAL11": [
            0.0,
            0.05850904976630517
        ],
        "ARG80:GAL4": [
            0.013740152011145692,
            0.06290688714138343
        ],
        "ARG80:STE12": [
            -0.04477075113352424,
            -0.007629875273519191
        ],
        "ARG80:FKH1": [
            -0.04089605885797777,
            -0.008463967223320452
        ]
    }
}