{
    "90.0": {
        "NRG1:SWI4": [
            -0.07254959483493645,
            0.0
        ],
        "NRG1:LYS14": [
            -0.061810012456502667,
            0.0
        ],
        "NRG1:MET31": [
            -0.10291452620096563,
            -0.026984650769727205
        ],
        "NRG1:GIS1": [
            -0.015924260532279844,
            0.04303733638036552
        ],
        "NRG1:MSN2": [
            0.05924517211484414,
            0.17591876220694777
        ],
        "NRG1:SUM1": [
            0.0,
            0.06348827299472992
        ],
        "NRG1:GAL80": [
            -0.0920524002663529,
            -0.024497047582385592
        ],
        "NRG1:ERT1": [
            -0.07549959401809167,
            0.0
        ]
    }
}