{
    "98.0": {
        "AFT1:DAT1": [
            -0.08676398321831678,
            0.0
        ],
        "AFT1:GAL4": [
            0.0,
            0.0787085730017457
        ],
        "DAT1": [
            0.0,
            0.05726067242283278
        ],
        "GAL4": [
            0.00714336888006204,
            0.06361265881403047
        ]
    }
}