{
    "PHO2:ARG80": [
        -0.03312546285147817,
        -0.0007729596361636082
    ],
    "PHO2:DIG1": [
        -0.039401529346298356,
        -0.006788305399848937
    ],
    "PHO2:GAT4": [
        0.0027838662417579737,
        0.042838899144931296
    ],
    "PHO2:ZAP1": [
        -0.06387949849448388,
        -0.02103883098698805
    ],
    "PHO2:GIS1": [
        0.027373735784169236,
        0.07619249318512308
    ],
    "PHO2:MSN2": [
        0.02395994383050062,
        0.07757702833984888
    ],
    "PHO2:TEA1": [
        -0.04246167934286322,
        -0.006098460186952182
    ],
    "PHO2:ERT1": [
        -0.049831665687842835,
        -0.006009902024201067
    ]
}