{
    "STE12:OPI1": [
        -0.06655796351940757,
        -0.027331976897665377
    ],
    "STE12:PGD1": [
        0.018424447784887305,
        0.07026983886940903
    ],
    "STE12:GIS1": [
        0.012111507029469932,
        0.06259713249331435
    ],
    "STE12:FKH1": [
        -0.05146342691438393,
        -0.015944141609187373
    ]
}