{
    "TEC1:MBP1": [
        -0.062349425210697994,
        -0.022053807877730494
    ],
    "TEC1:GIS1": [
        0.006050841049704074,
        0.051228093250553185
    ]
}