{
    "TEC1:MBP1": [
        -0.06234942521069801,
        -0.022053807877730494
    ],
    "TEC1:GIS1": [
        0.006050841049704069,
        0.05122809325055317
    ]
}