{
    "98.0": {
        "MET31:DIG1": [
            -0.041505578816064904,
            -0.007551129254681858
        ],
        "MET31:OPI1": [
            -0.041954345550051106,
            -0.006947293216407525
        ],
        "MET31:EAF1": [
            -0.03180265613296534,
            0.0
        ],
        "MET31:SMP1": [
            -0.060063513998056435,
            -0.017016159927807133
        ],
        "MET31:FKH2": [
            -0.036264751035318066,
            0.0
        ],
        "MET31:TUP1": [
            0.010549278963912714,
            0.06808983424874854
        ],
        "MET31:UPC2": [
            -0.05838420764744018,
            -0.015482925145788973
        ],
        "MET31:GAL11": [
            0.0,
            0.04798120069487947
        ],
        "MET31:MSN2": [
            0.01656087208010829,
            0.07113800596756446
        ],
        "MET31:GAL4": [
            0.020519674520994076,
            0.06464848500455281
        ],
        "MET31:FKH1": [
            -0.033501652481412465,
            2.6014671886300864e-07
        ],
        "MET31:GAL80": [
            0.010250928353713853,
            0.06723653810687046
        ]
    }
}