{
    "98.0": {
        "XBP1:OPI1": [
            -0.05683122978061714,
            0.0
        ],
        "XBP1:MSN2": [
            0.0,
            0.08151956527672821
        ],
        "XBP1:GAL80": [
            -0.05367701373400914,
            0.0
        ],
        "GAL80": [
            -0.03176848397699023,
            1.809669371026468e-05
        ],
        "INO4": [
            -0.0468787122933352,
            -0.01867084796858614
        ],
        "MSN2": [
            0.025810368148788735,
            0.0824984265331016
        ],
        "OPI1": [
            -0.030275916957158002,
            0.00829956163694471
        ]
    }
}