{
    "90.0": {
        "XBP1:MTH1": [
            -0.0942412271978619,
            0.0
        ],
        "XBP1:OPI1": [
            -0.1115579630086159,
            -0.03503058193852313
        ],
        "XBP1:INO4": [
            -0.13156009689871043,
            -0.044908327887056905
        ],
        "XBP1:MSN2": [
            0.11935788227209497,
            0.24926967924116994
        ],
        "XBP1:GAL80": [
            -0.10730751749837535,
            -0.01822335990212874
        ]
    }
}