{
    "CHA4:LYS14": [
        -0.03320621474911091,
        -0.00703366315934921
    ],
    "CHA4:PDR3": [
        -0.05110752623211159,
        -0.011801172851827855
    ],
    "CHA4:CYC8": [
        0.004095767967101314,
        0.04155578040660278
    ],
    "CHA4:GIS1": [
        0.012286713845179433,
        0.054055837686407655
    ],
    "CHA4:RTG1": [
        -0.060115309249327405,
        -0.02085737600594931
    ],
    "CHA4:MSN2": [
        0.018391648116781484,
        0.06657355404763743
    ]
}