{
    "CHA4:LYS14": [
        -0.028250579005767412,
        -0.0008699100845973908
    ],
    "GIS1": [
        0.030338336468692495,
        0.06664505710722039
    ],
    "MSN2": [
        0.00018633919753494792,
        0.04508773789581738
    ],
    "RTG1": [
        -0.052393545067741465,
        -0.022705054173456266
    ]
}