{
    "98.0": {
        "RTG1:SWI4": [
            -0.03403157581666989,
            -0.002835019804270075
        ],
        "RTG1:OPI1": [
            -0.0508997338444844,
            -0.010479009652852343
        ],
        "RTG1:MBP1": [
            -0.032520009594610606,
            0.003357507551290572
        ],
        "RTG1:GIS1": [
            0.05750831924173389,
            0.1252031653698163
        ],
        "RTG1:MSN2": [
            0.0,
            0.06632851396854031
        ],
        "RTG1:STE12": [
            -0.04043686204409465,
            -0.00030026387359728224
        ],
        "RTG1:FKH1": [
            -0.033564572474271484,
            0.0
        ],
        "RTG1:ERT1": [
            -0.058086659918610915,
            -0.014138931585851621
        ]
    }
}