{
    "98.0": {
        "RDS2:SWI4": [
            -0.039983990367463154,
            0.0
        ],
        "RDS2:RGM1": [
            0.008550244660641141,
            0.05616271615705771
        ],
        "RDS2:OPI1": [
            -0.04059017494600189,
            0.0
        ],
        "RDS2:GZF3": [
            -0.06503395337856496,
            -0.02538633666593585
        ],
        "RDS2:UPC2": [
            -0.040349696022988546,
            0.0004324503484715131
        ],
        "RDS2:MSN2": [
            0.027094533573534196,
            0.07833436035146281
        ],
        "GIS1": [
            0.04181547333333235,
            0.07527856760955089
        ],
        "OPI1": [
            -0.04078099938292075,
            -0.0015927228794323425
        ],
        "SWI4": [
            -0.027862783914097574,
            0.006694228906010259
        ],
        "UPC2": [
            -0.040046519835895154,
            -0.0021493852224612853
        ]
    }
}