{
    "RPN4:ACE2": [
        -0.050501352171278234,
        -0.006956813911101935
    ],
    "RPN4:MBP1": [
        -0.05530257508149537,
        -0.008642053069114093
    ]
}