{
    "ACE2": [
        -0.03028779546568527,
        -0.005332775620749863
    ],
    "MBP1": [
        -0.039966858093633005,
        -0.016608645191360436
    ]
}