{
    "RPN4:ACE2": [
        -0.10689668412595486,
        -0.02306864363121349
    ],
    "RPN4:MBP1": [
        -0.10066229285077485,
        -0.0016847491712519806
    ]
}