{
    "90.0": {
        "YOX1:WTM1": [
            -0.14454329815250985,
            -0.03475409354672789
        ],
        "YOX1:RGM1": [
            -0.046746364569952084,
            0.03654868080385471
        ],
        "YOX1:BAS1": [
            -0.08550063210242392,
            0.0
        ],
        "YOX1:PGD1": [
            0.0,
            0.19052780622935417
        ],
        "YOX1:DAT1": [
            -0.11250279843374926,
            0.0
        ],
        "YOX1:GIS1": [
            0.0,
            0.11829851160139754
        ],
        "YOX1:FKH1": [
            -0.06337122834275383,
            0.0
        ],
        "YOX1:ERT1": [
            -0.09906133425371973,
            0.0
        ]
    }
}