{
    "90.0": {
        "HAP2:MIG1": [
            0.03525505956673687,
            0.12024343597920208
        ],
        "HAP2:OPI1": [
            -0.08601873335726905,
            -0.0074755392789320405
        ],
        "HAP2:DAT1": [
            -0.09135450448887586,
            -0.012026233698621535
        ],
        "HAP2:MSN2": [
            0.0,
            0.09632477573233747
        ],
        "HAP2:CRZ1": [
            -0.0687900473451472,
            0.0
        ],
        "HAP2:FKH1": [
            -0.06466944103050544,
            -0.006740744092565787
        ]
    }
}