{
    "98.0": {
        "HAP2:MIG1": [
            0.004299190827468032,
            0.054225964932456044
        ],
        "HAP2:OPI1": [
            -0.03158561141652714,
            0.011432154847368037
        ],
        "HAP2:DAT1": [
            -0.03079803095813751,
            0.0
        ],
        "FKH1": [
            -0.030985120139404604,
            -0.0020603366248640336
        ],
        "OPI1": [
            -0.03282780840583982,
            0.0
        ]
    }
}