{
    "HAP2:MIG1": [
        0.004299190827468032,
        0.054225964932456044
    ],
    "FKH1": [
        -0.030985120139404604,
        -0.0020603366248640336
    ]
}