{
    "HAP2:MIG1": [
        0.03525505956673687,
        0.12024343597920208
    ],
    "HAP2:OPI1": [
        -0.08601873335726902,
        -0.007475539278932016
    ],
    "HAP2:DAT1": [
        -0.09135450448887586,
        -0.012026233698621531
    ],
    "HAP2:FKH1": [
        -0.06466944103050543,
        -0.006740744092565787
    ]
}