{
    "98.0": {
        "ARG81:SFP1": [
            -0.04705355853170968,
            0.0
        ],
        "ARG81:EAF1": [
            -0.0293208937181223,
            0.0068095592133370275
        ],
        "ARG81:PGD1": [
            0.0,
            0.05447662246558854
        ],
        "ARG81:MBP1": [
            -0.036343045234803605,
            0.0
        ],
        "ARG81:RTG3": [
            -0.049943212517932815,
            -0.00413273725357647
        ],
        "ARG81:DAT1": [
            -0.033381931877739364,
            0.0031658623593504216
        ],
        "ARG81:AZF1": [
            -0.036877003885479445,
            0.0
        ],
        "ARG81:FKH2": [
            -0.045880470289521226,
            -0.008915083623137221
        ],
        "ARG81:UPC2": [
            -0.050561478815839785,
            -0.0049002182456087465
        ],
        "ARG81:GAL11": [
            0.00016384269669154612,
            0.06012564559427012
        ],
        "ARG81:GIS1": [
            0.018424374072923695,
            0.07431301251333762
        ],
        "ARG81:MSN2": [
            0.014139660318447649,
            0.0671183498003136
        ],
        "ARG81:GAL4": [
            0.022380974661561772,
            0.0809580279904916
        ],
        "ARG81:CRZ1": [
            -0.03679768265226582,
            0.0
        ]
    }
}