{
    "GAL11:CYC8": [
        0.004336475320541301,
        0.0888702545847655
    ],
    "GAL11:STP1": [
        -0.054681160310372,
        -0.004100698450924279
    ],
    "CYC8": [
        0.008719784633104908,
        0.05254874903644141
    ],
    "GIS1": [
        0.01363368222233397,
        0.06367114827021354
    ]
}