{
    "90.0": {
        "ERT1:OPI1": [
            -0.07973539179045265,
            0.0
        ],
        "ERT1:UPC2": [
            -0.08835173040574625,
            0.0
        ],
        "ERT1:GIS1": [
            0.0,
            0.0645690096734439
        ],
        "ERT1:MSN2": [
            0.0,
            0.07383255338009763
        ]
    }
}