{
    "90.0": {
        "PDR1:ARG81": [
            -0.08430565656780488,
            -0.020242235593721788
        ],
        "PDR1:OPI1": [
            -0.0648175035502117,
            0.0
        ],
        "PDR1:DAT1": [
            -0.0710482216115411,
            0.0
        ],
        "PDR1:GZF3": [
            -0.11055026924547429,
            -0.025851611645078276
        ],
        "PDR1:UPC2": [
            -0.10029236456877556,
            -0.0393299019818752
        ],
        "PDR1:GIS1": [
            0.05870048984724705,
            0.15784343314339216
        ],
        "PDR1:MSN2": [
            0.06955867170217024,
            0.20342100723392664
        ],
        "PDR1:CSE2": [
            -0.10632622179138991,
            -0.003510469930779293
        ]
    }
}