{
    "ZAP1:SWI4": [
        -0.052996935117465165,
        -0.010700779170546031
    ],
    "ZAP1:MBP1": [
        -0.051653409314490535,
        -0.005979868637505353
    ],
    "ZAP1:MSN2": [
        0.0031926554256208333,
        0.05992594643378957
    ],
    "ZAP1:FKH1": [
        -0.04435875512397214,
        -0.006072087893843457
    ]
}