{
    "ZAP1:SWI4": [
        -0.055451106901823206,
        -0.0206053934134173
    ],
    "MSN2": [
        0.0139910357959505,
        0.059015296008815984
    ]
}