{
    "ZAP1:SWI4": [
        -0.05492100921530709,
        -0.020432370807401373
    ],
    "MSN2": [
        0.014501395246573578,
        0.05802644646435309
    ]
}