{
    "ZAP1:SWI4": [
        -0.0819364841173612,
        -0.006173420634911312
    ],
    "ZAP1:MSN2": [
        0.03075450281110969,
        0.13936807359991857
    ]
}