{
    "ZAP1:SWI4": [
        -0.0819364841173612,
        -0.0061734206349113
    ],
    "ZAP1:MSN2": [
        0.030754502811109696,
        0.13936807359991857
    ]
}