{
    "98.0": {
        "CBF1:WTM1": [
            -0.05057300169631081,
            -0.005094807856675752
        ],
        "CBF1:EAF1": [
            -0.03279655019154113,
            0.0
        ],
        "CBF1:PGD1": [
            0.0,
            0.05256518605533228
        ],
        "CBF1:MBP1": [
            -0.04957905665416797,
            -0.005216764497385875
        ],
        "CBF1:DAT1": [
            -0.05433548553402406,
            -0.012454286195474956
        ],
        "CBF1:MET28": [
            0.005055380498107241,
            0.06535438894264403
        ],
        "CBF1:TUP1": [
            0.005311134434721162,
            0.059625167717135365
        ],
        "CBF1:UPC2": [
            -0.051598266708633475,
            -0.012086817067182492
        ],
        "CBF1:GAL11": [
            0.0,
            0.053850088818409705
        ],
        "CBF1:GAL4": [
            0.014191448760951322,
            0.060130900300316675
        ]
    }
}