{
    "90.0": {
        "INO4:EAF1": [
            -0.06559303528432046,
            0.0
        ],
        "INO4:PGD1": [
            0.06877175777226312,
            0.16319814344148076
        ],
        "INO4:SMP1": [
            -0.09238051863302538,
            -0.010504226375652154
        ],
        "INO4:MBP1": [
            -0.06812035533219012,
            0.0
        ],
        "INO4:FKH2": [
            -0.09914865025912473,
            -0.029675487336240064
        ],
        "INO4:GAL4": [
            0.07219787150061305,
            0.19210283040902626
        ]
    }
}