{
    "98.0": {
        "CIN5:OPI1": [
            -0.050045168345991875,
            -0.012826158166121484
        ],
        "CIN5:EAF1": [
            -0.03386692434396987,
            0.0027604152876449565
        ],
        "CIN5:IXR1": [
            0.00795354494952367,
            0.07180386241287694
        ],
        "EAF1": [
            -0.023912674535879204,
            0.007220714867343367
        ],
        "IXR1": [
            -0.0034979350021545038,
            0.03306986190494768
        ]
    }
}