{
    "98.0": {
        "RPN4:ACE2": [
            -0.022008802185961285,
            0.005367631029006719
        ],
        "ACE2": [
            -0.027126197239689655,
            0.0
        ],
        "MBP1": [
            -0.0391313292387997,
            -0.014357783870325077
        ]
    }
}