{
    "90.0": {
        "CHA4:LYS14": [
            -0.0611497903686346,
            -0.011506485635052351
        ],
        "CHA4:PDR3": [
            -0.10242454703738689,
            -0.038792087752052055
        ],
        "CHA4:CYC8": [
            0.0,
            0.05428519244765024
        ],
        "CHA4:GIS1": [
            0.0029761682062518693,
            0.07564844800424239
        ],
        "CHA4:RTG1": [
            -0.08689316759748093,
            -0.020010754769308674
        ],
        "CHA4:MSN2": [
            0.04699052570224737,
            0.12815233744851834
        ]
    }
}