{
    "98.0": {
        "HAP3:MTH1": [
            -0.046668251554891044,
            -0.006689664329224033
        ],
        "HAP3:MET31": [
            -0.05475181844387151,
            -0.003881498480625167
        ],
        "HAP3:GIS1": [
            0.034774537114239584,
            0.08763645888740766
        ],
        "HAP3:RTG1": [
            -0.04908242658622733,
            -0.007509089965361531
        ],
        "HAP3:MSN2": [
            0.020375299946402806,
            0.0815727809867919
        ],
        "HAP3:ERT1": [
            -0.0474596209098637,
            -0.0034637722323284333
        ]
    }
}