{
    "98.0": {
        "MIG1:CYC8": [
            0.010603255439851475,
            0.07464929157152388
        ],
        "MIG1:CBF1": [
            -0.055777206913091196,
            -0.02777985226054608
        ],
        "CYC8": [
            0.03719573187492388,
            0.07965900693651067
        ]
    }
}