{
    "98.0": {
        "USV1:WTM1": [
            -0.05095685489769153,
            -0.00981186729430992
        ],
        "USV1:STB5": [
            0.0,
            0.04094595922260876
        ],
        "USV1:EAF1": [
            -0.04073743259164426,
            -0.004735323262324739
        ],
        "USV1:PGD1": [
            0.023397392642281835,
            0.09418442485062713
        ],
        "USV1:MBP1": [
            -0.04407466541583811,
            -0.003214660204875385
        ],
        "USV1:AZF1": [
            -0.05629117559124547,
            -0.003878273722847128
        ],
        "USV1:UPC2": [
            -0.058952393080231834,
            -0.010895906789543906
        ],
        "USV1:GIS1": [
            0.026730865233104247,
            0.0828876930355092
        ],
        "USV1:GAL4": [
            0.008174140995820874,
            0.06550785725424378
        ],
        "USV1:FKH1": [
            -0.03808763930006226,
            -0.0025612274834833754
        ]
    }
}