{
    "CST6:ARG81": [
        -0.04904648356588533,
        -0.015262691296183637
    ],
    "CST6:OPI1": [
        -0.04231623983972628,
        -0.005372605874489027
    ],
    "CST6:UPC2": [
        -0.0420126943462588,
        -0.004435070883815876
    ],
    "CST6:GIS1": [
        0.0591596399363201,
        0.12429617928125332
    ],
    "CST6:MSN2": [
        0.014019475198345777,
        0.08178777542671205
    ],
    "CST6:ASH1": [
        -0.07966552758442455,
        -0.02735536060400379
    ]
}