{
    "CST6:ARG81": [
        -0.04904648356588534,
        -0.015262691296183618
    ],
    "CST6:OPI1": [
        -0.04231623983972629,
        -0.005372605874489019
    ],
    "CST6:UPC2": [
        -0.04201269434625878,
        -0.004435070883815876
    ],
    "CST6:GIS1": [
        0.05915963993632012,
        0.12429617928125332
    ],
    "CST6:MSN2": [
        0.014019475198345786,
        0.08178777542671202
    ],
    "CST6:ASH1": [
        -0.07966552758442455,
        -0.027355360604003766
    ]
}