{
    "CST6:ARG81": [
        -0.05263824239941307,
        -0.019122611488308693
    ],
    "CST6:GIS1": [
        0.005662073802910825,
        0.08596687053727735
    ],
    "CST6:ASH1": [
        -0.08968015565920684,
        -0.01939876293521718
    ],
    "GIS1": [
        0.02312925471058638,
        0.0734250913220753
    ]
}