{
    "CST6:ARG81": [
        -0.05214640324204034,
        -0.018140770901992682
    ],
    "CST6:ASH1": [
        -0.08931607547595742,
        -0.018370884013700156
    ],
    "GIS1": [
        0.022565020212164593,
        0.07262080781305241
    ]
}