{
    "CST6:ARG81": [
        -0.11191127461847412,
        -0.049092074882398945
    ],
    "CST6:GIS1": [
        0.11341014038220044,
        0.23004122651229167
    ],
    "CST6:MSN2": [
        0.009991673715303353,
        0.13590883682062693
    ],
    "CST6:ASH1": [
        -0.13288360663176843,
        -0.03842466017456099
    ]
}