{
    "90.0": {
        "WTM1:OPI1": [
            -0.06263829425346998,
            0.0
        ],
        "WTM1:GIS1": [
            0.0,
            0.09011424557310603
        ],
        "WTM1:FKH1": [
            -0.052680677042248394,
            0.0
        ]
    }
}