{
    "NRG1:MET31": [
        -0.10291452620096563,
        -0.026984650769727205
    ],
    "NRG1:MSN2": [
        0.05924517211484414,
        0.17591876220694777
    ],
    "NRG1:GAL80": [
        -0.0920524002663529,
        -0.024497047582385592
    ]
}