{
    "MET31:SMP1": [
        -0.05118775811800809,
        -0.007480187194988463
    ],
    "TUP1": [
        0.043819664368773804,
        0.07594887092548018
    ]
}