{
    "98.0": {
        "SKN7:HAA1": [
            -0.06790815922607339,
            -0.03219085681817299
        ],
        "SKN7:GIS1": [
            0.033232597452028105,
            0.10051030373581181
        ],
        "SKN7:PPR1": [
            -0.053551791175991535,
            -0.003956116922305579
        ],
        "GIS1": [
            0.019429270683661508,
            0.06785743910103641
        ],
        "PPR1": [
            -0.024976253937095336,
            0.005960235594676322
        ]
    }
}