{
    "98.0": {
        "GAL11:ZAP1": [
            -0.06063050561496131,
            0.0
        ],
        "GAL11:AFT1": [
            -0.052972282242341844,
            0.0
        ],
        "GAL11:CYC8": [
            0.004336475320541301,
            0.0888702545847655
        ],
        "GAL11:GIS1": [
            0.0,
            0.07853728562815028
        ],
        "GAL11:STP1": [
            -0.054681160310372,
            -0.004100698450924279
        ],
        "GAL11:GCN4": [
            -0.04538357071860529,
            0.0
        ],
        "AFT1": [
            -0.028610232530486255,
            0.008722929053841534
        ],
        "CYC8": [
            0.008719784633104908,
            0.05254874903644141
        ],
        "GCN4": [
            -0.03392719607063231,
            0.0
        ],
        "GIS1": [
            0.01363368222233397,
            0.06367114827021354
        ],
        "STP1": [
            -0.026104183591705146,
            0.0032776096005780035
        ],
        "ZAP1": [
            -0.03970561701698838,
            0.0
        ]
    }
}