{
    "98.0": {
        "RPN4:ACE2": [
            -0.050501352171278234,
            -0.006956813911101935
        ],
        "RPN4:EAF1": [
            0.0,
            0.04210063892577579
        ],
        "RPN4:RPD3": [
            0.0,
            0.06011824613978768
        ],
        "RPN4:MBP1": [
            -0.05530257508149537,
            -0.008642053069114093
        ]
    }
}