{
    "98.0": {
        "PHO2:MSN2": [
            0.0,
            0.029324145609916256
        ],
        "MSN2": [
            0.0,
            0.04545894360060713
        ]
    }
}