{
    "90.0": {
        "ARG80:WTM1": [
            -0.07020904678946069,
            0.0
        ],
        "ARG80:EAF1": [
            -0.049028745575885484,
            0.0
        ],
        "ARG80:PGD1": [
            0.0,
            0.10720427994612622
        ],
        "ARG80:GAL4": [
            0.01980503188793126,
            0.1316466455483147
        ],
        "ARG80:STE12": [
            -0.050994245057610306,
            0.0
        ],
        "ARG80:FKH1": [
            -0.04970083213406479,
            0.0
        ]
    }
}