{
    "90.0": {
        "RPH1:RGM1": [
            0.012063924072449942,
            0.10816378307904173
        ],
        "RPH1:OPI1": [
            -0.06547400167491103,
            0.0
        ],
        "RPH1:PGD1": [
            0.0,
            0.08395761574153855
        ],
        "RPH1:TOG1": [
            -0.11977515450898604,
            -0.01934265231226563
        ],
        "RPH1:DAT1": [
            -0.10682229452062593,
            -0.0364793423202663
        ],
        "RPH1:MSN2": [
            0.08388352740066406,
            0.21512904702406566
        ],
        "RPH1:FKH1": [
            -0.06982493631380315,
            0.0
        ],
        "RPH1:ERT1": [
            -0.10585392192836018,
            -0.01794856716158764
        ]
    }
}