{
    "MSN2:GAL4": [
        0.13420889843730577,
        0.24941733638589325
    ],
    "MSN2:ASH1": [
        -0.15398227673092044,
        -0.07323366143021136
    ]
}