{
    "98.0": {
        "MSN2:GAL4": [
            0.050184093836146915,
            0.10037862421048226
        ],
        "MSN2:ASH1": [
            -0.1181119510654597,
            -0.06156045501373331
        ],
        "ASH1": [
            0.014027804467078183,
            0.05104881960595843
        ]
    }
}