{
    "GAL11:CYC8": [
        0.0034032834929541836,
        0.08900044722958769
    ],
    "GAL11:GIS1": [
        0.0053588002386772944,
        0.07858152046369728
    ],
    "GAL11:STP1": [
        -0.054139914299977644,
        -0.004172439949402278
    ],
    "CYC8": [
        0.009352546594371191,
        0.05339208337355798
    ],
    "GIS1": [
        0.017022631446606158,
        0.06455624499583053
    ]
}