{
    "98.0": {
        "AZF1:GIS1": [
            0.002545028195166645,
            0.048499307628953776
        ],
        "AZF1:MSN2": [
            0.014022440292250624,
            0.07147086514032538
        ],
        "AZF1:STE12": [
            -0.050947472151312005,
            -0.01856736728510274
        ],
        "AZF1:TEA1": [
            -0.052847648521838306,
            -0.01834856799750202
        ]
    }
}