{
    "98.0": {
        "MED2:MET31": [
            -0.06967316860817589,
            -0.013205195345373651
        ],
        "MED2:MSN2": [
            0.0,
            0.06295380012803045
        ],
        "GIS1": [
            0.05073064468687434,
            0.08708977942576983
        ],
        "MET31": [
            -0.040574165856111385,
            -0.002358554154005627
        ],
        "MSN2": [
            -0.0019888068211306345,
            0.04225022916694717
        ],
        "OPI1": [
            -0.0493432564718883,
            -0.02342352198851396
        ]
    }
}