{
    "90.0": {
        "GAL11:WTM1": [
            -0.06821624033766636,
            0.0
        ],
        "GAL11:INO4": [
            -0.0694264107801874,
            0.0008317760224178797
        ],
        "GAL11:ZAP1": [
            -0.13064647634934837,
            -0.04003508950138974
        ],
        "GAL11:AFT1": [
            -0.0943031274172713,
            -0.0038791752298988616
        ],
        "GAL11:CYC8": [
            0.12048742687765694,
            0.241722573804521
        ],
        "GAL11:GIS1": [
            0.07957988918118011,
            0.18968741757291663
        ],
        "GAL11:STP1": [
            -0.1299505946529371,
            -0.052162706860866596
        ],
        "GAL11:GCN4": [
            -0.0948140251386107,
            -0.03000068152122443
        ]
    }
}