{
    "98.0": {
        "MSN2:GAL4": [
            0.04867838712819683,
            0.10038217911200872
        ],
        "MSN2:ASH1": [
            -0.11403218522683085,
            -0.05380557634402946
        ],
        "ASH1": [
            0.0061761005892308676,
            0.052044151154923377
        ]
    }
}