{
    "98.0": {
        "UME1:INO4": [
            -0.044439442314189025,
            0.0
        ],
        "UME1:FKH2": [
            -0.04408363728496022,
            -0.015050844233335822
        ],
        "UME1:MSN2": [
            0.0,
            0.06932696768544555
        ],
        "INO4": [
            -0.03949186803353918,
            0.0
        ],
        "MSN2": [
            0.009486390152677895,
            0.06255589385332036
        ]
    }
}