{
    "90.0": {
        "RDR1:SWI6": [
            -0.061396944412206236,
            0.0
        ],
        "RDR1:OPI1": [
            -0.07006057532902095,
            0.0
        ],
        "RDR1:RPD3": [
            0.0,
            0.09152261776529878
        ],
        "RDR1:MBP1": [
            -0.06658032651948262,
            0.0
        ],
        "RDR1:UPC2": [
            -0.07672963439845276,
            0.0
        ],
        "RDR1:GIS1": [
            0.0,
            0.06374992397734836
        ],
        "RDR1:MSN2": [
            0.0,
            0.12743898681739058
        ],
        "RDR1:ERT1": [
            -0.1123273542338554,
            0.0
        ]
    }
}