{
    "OPI1:FZF1": [
        -0.07456368417931514,
        -0.020664437284311932
    ],
    "OPI1:SWI5": [
        -0.04229553228159377,
        -0.002683234081499815
    ],
    "OPI1:ARG80": [
        -0.04478425211329033,
        -0.007386430430908603
    ],
    "OPI1:RDR1": [
        -0.07392887811718027,
        -0.02105619619144675
    ],
    "OPI1:PGD1": [
        0.00479326741264177,
        0.05416077483590191
    ],
    "OPI1:DAT1": [
        -0.04880713887061155,
        -0.007603009176430219
    ],
    "OPI1:INO4": [
        0.02299301342288478,
        0.08987698477299952
    ],
    "OPI1:INO2": [
        0.05738830291360876,
        0.12343133588713986
    ],
    "OPI1:GIS1": [
        0.03461719880697732,
        0.0867005931273972
    ],
    "OPI1:FKH1": [
        -0.050395865821450524,
        -0.015331622713713994
    ],
    "OPI1:PPR1": [
        -0.04486421320774938,
        -0.0019022045890794744
    ]
}