{
    "OPI1:PPR1": [
        -0.05420589473384193,
        -0.015542415049575957
    ],
    "FZF1": [
        -0.045365616144890104,
        -0.00658729346713124
    ],
    "INO2": [
        0.035332580998774545,
        0.09098172540844125
    ],
    "INO4": [
        0.031572372852285736,
        0.07057260731275818
    ]
}