{
    "OPI1:FZF1": [
        -0.056779883178949345,
        -0.00022197024049089103
    ],
    "OPI1:PPR1": [
        -0.053466670824466156,
        -0.013195881095487944
    ],
    "FZF1": [
        -0.044568658772681,
        -0.005944265087388067
    ],
    "INO2": [
        0.036486094323385544,
        0.08771657366398905
    ],
    "INO4": [
        0.031939642474640643,
        0.0715040242731964
    ]
}