{
    "OPI1:FZF1": [
        -0.10421062721184995,
        -0.008621098284740758
    ],
    "OPI1:INO4": [
        0.03449960345159527,
        0.15180624222596711
    ],
    "OPI1:INO2": [
        0.09429120837718225,
        0.20428417408736416
    ],
    "OPI1:PPR1": [
        -0.09943376000138535,
        -0.0173611389813526
    ]
}