{
    "RTG3:OPI1": [
        -0.051739630296928206,
        -0.013386185631083692
    ],
    "RTG3:EAF1": [
        -0.043088370638863796,
        -0.007933402420771259
    ],
    "RTG3:GIS1": [
        0.05808687788806433,
        0.11794799810736871
    ],
    "RTG3:ERT1": [
        -0.050838737333277165,
        -0.0003055327915806988
    ]
}