{
    "98.0": {
        "ARO80:GAT4": [
            0.0,
            0.04141734502719235
        ],
        "ARO80:OPI1": [
            -0.04531154813406549,
            -0.017504604138251008
        ],
        "ARO80:GIS1": [
            0.026164913407257993,
            0.06468677202986753
        ],
        "ARO80:TEA1": [
            -0.03491049273426808,
            0.0
        ],
        "ARO80:FKH1": [
            -0.02929446017606399,
            -0.0003987162262276858
        ]
    }
}