{
    "98.0": {
        "SKO1:GAT4": [
            -0.010906558622292627,
            0.036066613096790066
        ],
        "SKO1:OPI1": [
            -0.06487181358105304,
            -0.02520933752837403
        ],
        "SKO1:GIS1": [
            0.010866580639210232,
            0.06945525241833285
        ]
    }
}