{
    "90.0": {
        "SKO1:OPI1": [
            -0.11945544692204561,
            -0.01804175785365466
        ],
        "SKO1:GIS1": [
            0.0,
            0.09115863945482944
        ]
    }
}