{
    "98.0": {
        "HAP4:OPI1": [
            -0.06333707823188774,
            -0.020552301675311416
        ],
        "HAP4:HAP3": [
            0.0014967371902953597,
            0.08719982935057047
        ],
        "HAP4:SMP1": [
            -0.09754884407863294,
            -0.0418194658613979
        ],
        "HAP4:HAP5": [
            -0.005428600880053494,
            0.0648658294425047
        ],
        "HAP4:TUP1": [
            0.009638946012054693,
            0.05345129844788164
        ],
        "HAP4:HAP2": [
            0.01834833576371824,
            0.10876730096825618
        ],
        "HAP4:GAL80": [
            -0.07396700242455181,
            -0.02434683133626009
        ]
    }
}