{
    "98.0": {
        "GAL11:WTM1": [
            -0.05025420286900053,
            -0.005397141678050503
        ],
        "GAL11:GAT4": [
            0.0,
            0.06787733570087574
        ],
        "GAL11:INO4": [
            -0.0576153468569363,
            -0.00462182293207515
        ],
        "GAL11:ZAP1": [
            -0.06758037186528879,
            -0.01147461891585295
        ],
        "GAL11:AFT1": [
            -0.05000457034159342,
            -0.0005313372863412994
        ],
        "GAL11:CYC8": [
            0.010774249699850262,
            0.09144752735314719
        ],
        "GAL11:GIS1": [
            0.0301328401557387,
            0.10006910875108245
        ],
        "GAL11:STP1": [
            -0.055508541953122666,
            -0.01684123492872817
        ],
        "GAL11:MSN2": [
            0.0,
            0.07342146026768057
        ],
        "GAL11:GCN4": [
            -0.05347057587962746,
            -0.01368757379366608
        ]
    }
}