{
    "90.0": {
        "GIS1:WTM1": [
            -0.08898366187132535,
            0.0
        ],
        "GIS1:ARG80": [
            -0.09643219065119475,
            -0.006397892693017436
        ],
        "GIS1:PGD1": [
            0.02588597243477226,
            0.15531501948471674
        ],
        "GIS1:SMP1": [
            -0.06494035566151025,
            0.0
        ],
        "GIS1:GAL4": [
            0.0030133695202799967,
            0.14615874461314526
        ],
        "GIS1:RPH1": [
            -0.10007535392878614,
            0.0
        ]
    }
}