{
    "98.0": {
        "SFP1:DAT1": [
            0.031453396387601085,
            0.08764835601874627
        ],
        "SFP1:FKH2": [
            -0.04765695895136105,
            -0.017545633537999046
        ],
        "SFP1:TEA1": [
            -0.05189494558605057,
            -0.018085987585058264
        ]
    }
}