{
    "98.0": {
        "SFP1:DAT1": [
            0.03145339638760109,
            0.08764835601874622
        ],
        "SFP1:FKH2": [
            -0.04765695895136105,
            -0.017545633537999043
        ],
        "SFP1:TEA1": [
            -0.05189494558605057,
            -0.018085987585058246
        ]
    }
}