{
    "98.0": {
        "PGD1:SWI6": [
            -0.06548423209167134,
            -0.02806234750430192
        ],
        "PGD1:RGM1": [
            -0.0,
            0.04662857159058277
        ],
        "PGD1:ARG81": [
            -0.06441815269461738,
            -0.026984643544495254
        ],
        "PGD1:GIS1": [
            0.02723500854147849,
            0.08200419270505059
        ],
        "PGD1:MSN2": [
            -1.441181539070308e-06,
            0.04319986981442691
        ]
    }
}