{
    "98.0": {
        "PHO2:MSN2": [
            -0.0022128511480609234,
            0.02961086668775315
        ],
        "MSN2": [
            0.0,
            0.044293951579141115
        ]
    }
}