{
    "RPH1:RGM1": [
        0.011535172420559885,
        0.06675087266702558
    ],
    "RPH1:OPI1": [
        -0.045268528207705334,
        -0.007345660383263055
    ],
    "RPH1:PGD1": [
        0.006494849865226454,
        0.06249568915859269
    ],
    "RPH1:TOG1": [
        -0.07228684893543282,
        -0.01846896957068759
    ],
    "RPH1:DAT1": [
        -0.04127519583022485,
        -0.0031350667414200553
    ],
    "RPH1:MSN2": [
        0.03170283874917158,
        0.09673044556335135
    ],
    "RPH1:FKH1": [
        -0.037883900443718796,
        -0.004377183082812627
    ],
    "RPH1:ERT1": [
        -0.04911150825843958,
        -0.002390078668278948
    ]
}