{
    "RPH1:RGM1": [
        0.016638824856342715,
        0.06857113016503595
    ],
    "RPH1:TOG1": [
        -0.07118034711648524,
        -0.0205102429117334
    ],
    "RPH1:DAT1": [
        -0.07380553392074325,
        -0.020749457263725905
    ],
    "RPH1:MSN2": [
        0.015545537418046405,
        0.1063906611109246
    ],
    "RPH1:ERT1": [
        -0.05247050883005353,
        -0.008862885116526704
    ]
}