{
    "OAF1:RGM1": [
        0.032620984759052375,
        0.13135000618670223
    ],
    "OAF1:PGD1": [
        0.05122128557906063,
        0.19093116285279996
    ],
    "OAF1:MBP1": [
        -0.08914371002557994,
        -0.003484894674660698
    ]
}