{
    "90.0": {
        "MET32:GAL4": [
            0.0897573876481275,
            0.19842225552908374
        ],
        "MET32:CBF1": [
            -0.09545276565936127,
            -0.028255154511550407
        ]
    }
}