{
    "98.0": {
        "MET28:PUT3": [
            0.00046733070326791673,
            0.046194849448206204
        ],
        "MET28:SMP1": [
            -0.06412456603581373,
            -0.017583917776891132
        ],
        "MET28:UPC2": [
            -0.06239612362730375,
            -0.024450788947156556
        ],
        "MET28:YHP1": [
            -0.06740073443043301,
            -0.01668137301304191
        ],
        "MET28:GAL11": [
            0.021416201866115904,
            0.06520426253753649
        ],
        "MET28:MSN2": [
            0.0032180475153237497,
            0.05760439125001224
        ],
        "MET28:GAL4": [
            0.03184282848890817,
            0.08072828385354554
        ]
    }
}