{
    "98.0": {
        "YHP1:OPI1": [
            -0.03261743632659567,
            0.0
        ],
        "GIS1": [
            0.049251991146245885,
            0.08372620390252192
        ],
        "OPI1": [
            -0.04714597116085658,
            -0.014403530246735855
        ]
    }
}