{
    "90.0": {
        "PHD1:OPI1": [
            -0.10446585278316894,
            0.0
        ],
        "PHD1:MBP1": [
            -0.07084072780693647,
            0.0
        ],
        "PHD1:GIS1": [
            0.0,
            0.1127432873773012
        ],
        "PHD1:STE12": [
            -0.07696146853195321,
            0.0
        ]
    }
}