{
    "98.0": {
        "STB5:GAL4": [
            0.0,
            0.03040780169184339
        ],
        "GAL4": [
            0.024157384035414814,
            0.06251026499551741
        ]
    }
}