{
    "98.0": {
        "RGM1": [
            0.026576754034777383,
            0.06332623619381897
        ],
        "UME1": [
            0.0,
            0.029737407090293842
        ]
    }
}