{
    "PDR3:PGD1": [
        0.006269398060078125,
        0.06251305061856803
    ],
    "PDR3:SMP1": [
        -0.053912004578545364,
        -0.009054555013345648
    ],
    "PDR3:MBP1": [
        -0.037909739885058566,
        -0.001460374992164829
    ],
    "PDR3:FKH2": [
        -0.04830781188502279,
        -0.014737536253062431
    ],
    "PDR3:UPC2": [
        -0.04573822888516319,
        -0.0031164494822848846
    ],
    "PDR3:GAL4": [
        0.03234341643934536,
        0.08432132155410883
    ]
}