{
    "INO4:EAF1": [
        -0.03944439383913771,
        -0.0027276333256011096
    ],
    "INO4:PGD1": [
        0.04435602895657472,
        0.09479845013748718
    ],
    "INO4:SMP1": [
        -0.054428491723054334,
        -0.009933676446545019
    ],
    "INO4:MBP1": [
        -0.04221742915614423,
        -0.002668967251144305
    ],
    "INO4:FKH2": [
        -0.04954496146278849,
        -0.013676798518290432
    ],
    "INO4:GAL4": [
        0.033448073249906056,
        0.09004891917484963
    ]
}