{
    "INO4:SMP1": [
        -0.05565812827433058,
        -0.009253089265359855
    ],
    "INO4:FKH2": [
        -0.05872469949337717,
        -0.02274306561723199
    ],
    "INO4:GAL4": [
        0.004358225894522071,
        0.07532914364771688
    ],
    "PGD1": [
        0.031261245269700026,
        0.07451770113439765
    ]
}