{
    "INO4:PGD1": [
        0.06877175777226312,
        0.16319814344148073
    ],
    "INO4:SMP1": [
        -0.09238051863302538,
        -0.010504226375652164
    ],
    "INO4:FKH2": [
        -0.09914865025912473,
        -0.02967548733624006
    ],
    "INO4:GAL4": [
        0.07219787150061306,
        0.19210283040902626
    ]
}