{
    "98.0": {
        "STB5:DAT1": [
            -0.04808488079735145,
            0.0
        ],
        "STB5:GAL4": [
            0.0099262862203401,
            0.0849527915321325
        ],
        "STB5:CBF1": [
            -0.044873612354139704,
            0.0
        ]
    }
}