{
    "98.0": {
        "CRZ1:HAA1": [
            -0.03847283015358398,
            0.0
        ],
        "CRZ1:IXR1": [
            -0.037436781529858305,
            0.0
        ],
        "CRZ1:GAL4": [
            0.024416669127469984,
            0.08491820807457753
        ],
        "CRZ1:STE12": [
            -0.03857969009671081,
            0.0
        ],
        "CRZ1:CBF1": [
            -0.030503775488448355,
            0.0007031793168458929
        ]
    }
}