{
    "98.0": {
        "CRZ1:HAA1": [
            -0.038472830153584,
            0.0
        ],
        "CRZ1:IXR1": [
            -0.03743678152985832,
            0.0
        ],
        "CRZ1:GAL4": [
            0.024416669127469984,
            0.0849182080745775
        ],
        "CRZ1:STE12": [
            -0.03857969009671081,
            0.0
        ],
        "CRZ1:CBF1": [
            -0.030503775488448345,
            0.0007031793168459006
        ]
    }
}