{
    "98.0": {
        "RDS2:SWI4": [
            -0.03254888162483045,
            -0.0010185041432528852
        ],
        "RDS2:RGM1": [
            0.00935636866463023,
            0.05781806492041624
        ],
        "RDS2:OPI1": [
            -0.04826262879040523,
            -0.014946299699273326
        ],
        "RDS2:MBP1": [
            -0.04474326631665393,
            -0.009766866620150664
        ],
        "RDS2:GZF3": [
            -0.05832445254489076,
            -0.02064030209825162
        ],
        "RDS2:UPC2": [
            -0.04518561222056879,
            -0.014282752834815459
        ],
        "RDS2:GIS1": [
            0.023409383860866075,
            0.0879519919813636
        ],
        "RDS2:MSN2": [
            0.017189157442742502,
            0.07695317679686411
        ],
        "RDS2:FKH1": [
            -0.031528220098265954,
            -0.001904262880272138
        ],
        "RDS2:RPH1": [
            -0.007578094374018301,
            0.043830046438374945
        ]
    }
}