{
    "98.0": {
        "PGD1:SWI6": [
            -0.04683357343222879,
            0.0
        ],
        "PGD1:ARG81": [
            -0.05828098966218046,
            -0.015728186702782317
        ],
        "PGD1:GIS1": [
            0.02186487966143452,
            0.08424176810803793
        ],
        "ARG81": [
            -0.023874834614368907,
            0.009077826838640477
        ],
        "GIS1": [
            0.0,
            0.043495197985301555
        ],
        "SWI6": [
            -0.03509084192646142,
            -0.000863255464493555
        ]
    }
}