{
    "MED2:OPI1": [
        -0.049643906148225315,
        -0.013006162864520342
    ],
    "MED2:EAF1": [
        -0.03686887463743408,
        -0.0006703676323534873
    ],
    "MED2:MET31": [
        -0.08507097981767638,
        -0.036517004385761935
    ],
    "MED2:GIS1": [
        0.029446540040952946,
        0.09140521315885093
    ],
    "MED2:MSN2": [
        0.004437259028119432,
        0.0730495997068843
    ]
}