{
    "MED2:MET31": [
        -0.0696731686081759,
        -0.013205195345373661
    ],
    "GIS1": [
        0.05073064468687432,
        0.08708977942576983
    ],
    "MET31": [
        -0.040574165856111385,
        -0.0023585541540056157
    ],
    "OPI1": [
        -0.04934325647188829,
        -0.023423521988513954
    ]
}