{
    "98.0": {
        "PHO2:RGM1": [
            -0.0032832494049630295,
            0.03437867796676545
        ],
        "PHO2:ARG80": [
            -0.03312546285147816,
            -0.0007729596361636166
        ],
        "PHO2:DIG1": [
            -0.03940152934629837,
            -0.006788305399848934
        ],
        "PHO2:GAT4": [
            0.0027838662417579616,
            0.04283889914493128
        ],
        "PHO2:ZAP1": [
            -0.06387949849448386,
            -0.021038830986988017
        ],
        "PHO2:GIS1": [
            0.02737373578416925,
            0.07619249318512307
        ],
        "PHO2:MSN2": [
            0.02395994383050063,
            0.07757702833984885
        ],
        "PHO2:TEA1": [
            -0.04246167934286322,
            -0.006098460186952188
        ],
        "PHO2:ERT1": [
            -0.04983166568784284,
            -0.006009902024201065
        ]
    }
}