{
    "98.0": {
        "RGM1": [
            0.02809956431647537,
            0.06271885053569765
        ],
        "UME1": [
            0.0,
            0.02847338685861431
        ]
    }
}