{
    "GIS1:ARG80": [
        -0.06816108940636405,
        -0.01839348608990646
    ],
    "GAL4": [
        0.0004321749600589105,
        0.048863255147623005
    ],
    "PGD1": [
        0.03250690448423979,
        0.0690773288355818
    ]
}