{
    "DIG1:OPI1": [
        -0.05061637353063665,
        -0.015048977644261228
    ],
    "DIG1:SMP1": [
        -0.058536245669467885,
        -0.015192641099731683
    ],
    "DIG1:GIS1": [
        0.0028819132972027713,
        0.054439288277122765
    ],
    "DIG1:MSN2": [
        0.0010129184369189975,
        0.054127407829910705
    ],
    "DIG1:FKH1": [
        -0.04272118198217038,
        -0.010452919082602714
    ]
}