{
    "98.0": {
        "GAT2:DAT1": [
            -0.0520138147791899,
            -0.01907041635449593
        ],
        "GAT2:FKH2": [
            -0.03628990784440337,
            1.53540275822895e-05
        ],
        "FKH2": [
            -0.03749578171661446,
            -0.0066438419196697815
        ],
        "TUP1": [
            0.06472404271659991,
            0.10148255338282776
        ]
    }
}