{
    "XBP1:MTH1": [
        -0.06659898593257799,
        -0.008393407426019862
    ],
    "XBP1:OPI1": [
        -0.05530650016389,
        -0.015213271525148342
    ],
    "XBP1:INO4": [
        -0.06845379474497819,
        -0.015776867335868857
    ],
    "XBP1:MSN2": [
        0.03192009029857824,
        0.10376593803708198
    ],
    "XBP1:GAL80": [
        -0.06929324760329082,
        -0.017865105559443355
    ]
}