{
    "INO4": [
        -0.046917537792977235,
        -0.017583155928164073
    ],
    "MSN2": [
        0.023941837045989237,
        0.08157146741218728
    ]
}