{
    "XBP1:OPI1": [
        -0.1115579630086159,
        -0.035030581938523125
    ],
    "XBP1:INO4": [
        -0.13156009689871043,
        -0.04490832788705688
    ],
    "XBP1:MSN2": [
        0.11935788227209494,
        0.24926967924116994
    ],
    "XBP1:GAL80": [
        -0.10730751749837535,
        -0.018223359902128748
    ]
}