{
    "98.0": {
        "PPR1:OPI1": [
            -0.0566333872678812,
            -0.022053313121744182
        ],
        "PPR1:GIS1": [
            0.016029163218333396,
            0.06250215922904925
        ]
    }
}