{
    "90.0": {
        "CUP9:GIS1": [
            0.053700453859662996,
            0.17307364379121437
        ],
        "CUP9:FKH1": [
            -0.08176369077701111,
            -0.000865077068459526
        ],
        "CUP9:GAL80": [
            -0.08830910577666726,
            0.0
        ],
        "CUP9:ERT1": [
            -0.14592988905012533,
            -0.055328488108114124
        ]
    }
}