{
    "CST6:ARG81": [
        -0.05214640324204032,
        -0.018140770901992665
    ],
    "CST6:ASH1": [
        -0.08931607547595742,
        -0.018370884013700142
    ],
    "GIS1": [
        0.022565020212164614,
        0.07262080781305244
    ]
}