{
    "RDR1:SWI6": [
        -0.04025179854006644,
        -0.0013790669039006128
    ],
    "RDR1:OPI1": [
        -0.0445924152253749,
        -0.011000686859277813
    ],
    "RDR1:RPD3": [
        0.0007709135281935278,
        0.05092181371729192
    ],
    "RDR1:MBP1": [
        -0.03928692598932181,
        -0.0017869834906050208
    ],
    "RDR1:UPC2": [
        -0.05204205811045097,
        -0.021754052782056457
    ],
    "RDR1:GIS1": [
        0.027223861593249542,
        0.07430390140040943
    ],
    "RDR1:MSN2": [
        0.024475712609445626,
        0.08463777976163338
    ],
    "RDR1:ERT1": [
        -0.06085720323175594,
        -0.008487617093483286
    ]
}