{
    "50.0": {
        "TYE7:MIG1": [
            0.0,
            0.0
        ],
        "TYE7:RGM1": [
            0.0,
            0.0
        ],
        "TYE7:CYC8": [
            0.0,
            0.005353875074096443
        ],
        "TYE7:GIS1": [
            0.0,
            0.011304630100494355
        ],
        "TYE7:MSN2": [
            0.0,
            0.0018958423474284016
        ]
    }
}