{
    "98.0": {
        "UME1:INO4": [
            -0.04443944231418901,
            0.0
        ],
        "UME1:FKH2": [
            -0.044083637284960196,
            -0.01505084423333582
        ],
        "UME1:MSN2": [
            0.0,
            0.06932696768544556
        ],
        "INO4": [
            -0.03949186803353917,
            0.0
        ],
        "MSN2": [
            0.0094863901526779,
            0.06255589385332033
        ]
    }
}