{
    "90.0": {
        "MET31:DIG1": [
            -0.0842453503005737,
            -0.009355057102586634
        ],
        "MET31:OPI1": [
            -0.06599366174527067,
            0.0
        ],
        "MET31:SMP1": [
            -0.09691336396069518,
            -0.012982218047477966
        ],
        "MET31:TUP1": [
            0.008121587114953956,
            0.09864204765795402
        ],
        "MET31:UPC2": [
            -0.08631194900604246,
            0.0
        ],
        "MET31:MSN2": [
            0.0,
            0.09155604032522438
        ],
        "MET31:GAL4": [
            0.038171316526139205,
            0.1335039534471513
        ],
        "MET31:GAL80": [
            0.0,
            0.11276988380109555
        ]
    }
}