{
    "98.0": {
        "YHP1:OPI1": [
            -0.032060176496958824,
            0.0
        ],
        "GIS1": [
            0.05016658240430064,
            0.08419838890591348
        ],
        "OPI1": [
            -0.04899822548860938,
            -0.013317817860313422
        ]
    }
}