{
    "MOT3:OPI1": [
        -0.053584688371792755,
        -0.015775537434679392
    ],
    "MOT3:MBP1": [
        -0.05165310638056585,
        -0.004405364877089185
    ],
    "MOT3:FKH2": [
        -0.0515181920744943,
        -0.004169593119734379
    ],
    "MOT3:GIS1": [
        0.014268519844864743,
        0.07525516609940136
    ],
    "MOT3:GAL4": [
        0.011214263121129497,
        0.06249166737959506
    ],
    "MOT3:CBF1": [
        -0.045659945397198476,
        -0.007365595881746476
    ]
}