{
    "98.0": {
        "YOX1:WTM1": [
            -0.028086105214476766,
            0.0
        ],
        "WTM1": [
            -0.026485196773040565,
            0.0
        ]
    }
}