{
    "GAT2:OPI1": [
        -0.05577404141748495,
        -0.014078199092313566
    ],
    "GAT2:MBP1": [
        -0.041972854887771215,
        -0.0008000565407998253
    ],
    "GAT2:DAT1": [
        -0.05764883311379163,
        -0.010077038912056297
    ],
    "GAT2:FKH2": [
        -0.05308616648637886,
        -0.005609090316311183
    ],
    "GAT2:TUP1": [
        0.01134866446610575,
        0.07454304852098496
    ],
    "GAT2:GIS1": [
        0.0248188578664581,
        0.08574319245957927
    ]
}