{
    "GAT2:OPI1": [
        -0.05577404141748497,
        -0.014078199092313564
    ],
    "GAT2:MBP1": [
        -0.04197285488777122,
        -0.0008000565407998067
    ],
    "GAT2:DAT1": [
        -0.05764883311379163,
        -0.010077038912056281
    ],
    "GAT2:FKH2": [
        -0.05308616648637885,
        -0.005609090316311183
    ],
    "GAT2:TUP1": [
        0.011348664466105787,
        0.07454304852098496
    ],
    "GAT2:GIS1": [
        0.02481885786645808,
        0.08574319245957933
    ]
}