{
    "GAT2:DAT1": [
        -0.0520138147791899,
        -0.01907041635449593
    ],
    "FKH2": [
        -0.03749578171661446,
        -0.0066438419196697815
    ],
    "TUP1": [
        0.06472404271659991,
        0.10148255338282776
    ]
}