{
    "GAT2:DAT1": [
        -0.1089253799719173,
        -0.011121894388880628
    ],
    "GAT2:FKH2": [
        -0.1179577449829582,
        -0.007444332031818831
    ],
    "GAT2:TUP1": [
        0.030207534308466674,
        0.16383042806359882
    ]
}