{
    "90.0": {
        "GAT2:OPI1": [
            -0.08994066897760764,
            0.0
        ],
        "GAT2:MBP1": [
            -0.06217363989207429,
            0.0
        ],
        "GAT2:DAT1": [
            -0.10892537997191734,
            -0.011121894388880631
        ],
        "GAT2:FKH2": [
            -0.11795774498295819,
            -0.007444332031818841
        ],
        "GAT2:TUP1": [
            0.030207534308466694,
            0.16383042806359882
        ],
        "GAT2:GIS1": [
            0.0,
            0.11189509959189117
        ]
    }
}