{
    "98.0": {
        "MET4:SMP1": [
            -0.06802945910083759,
            -0.014072086744020893
        ],
        "MET4:MSN2": [
            0.0,
            0.05982330232037849
        ],
        "MSN2": [
            0.02640993921424209,
            0.07140772304206566
        ],
        "SMP1": [
            -0.02611882427181192,
            0.007429128939513084
        ]
    }
}