{
    "HAA1:GAT4": [
        0.03782590422811536,
        0.0900212841129393
    ],
    "HAA1:OPI1": [
        -0.051012785105586995,
        -0.0161329301697925
    ],
    "HAA1:TEA1": [
        -0.048388633151729886,
        -0.003362915188748864
    ]
}