{
    "90.0": {
        "MIG1:EAF1": [
            -0.0681147053547208,
            0.0
        ],
        "MIG1:CYC8": [
            0.09706968530506521,
            0.20487592079091338
        ],
        "MIG1:CBF1": [
            -0.11026759088175984,
            -0.045899117005253995
        ]
    }
}