{
    "OAF1:RGM1": [
        0.00273159391666068,
        0.06597431903422013
    ],
    "OAF1:PGD1": [
        0.015368850367583687,
        0.08040656817823619
    ],
    "OAF1:SMP1": [
        -0.05606225702109543,
        -0.003722821351905458
    ],
    "OAF1:MBP1": [
        -0.05732258125228352,
        -0.017612865249790572
    ],
    "OAF1:DAT1": [
        -0.061794772520590444,
        -0.016440989122655025
    ],
    "OAF1:GIS1": [
        0.0025209851198088706,
        0.06590301932829905
    ],
    "OAF1:STE12": [
        -0.04579866669417229,
        -0.006218437919357748
    ],
    "OAF1:FKH1": [
        -0.03848778698728574,
        -0.002750000950688602
    ]
}