{
    "OAF1:MBP1": [
        -0.050409098628058334,
        -0.010755192065490657
    ],
    "MBP1": [
        -0.0459808093016991,
        -0.014514623629877073
    ],
    "PGD1": [
        0.054468171219125165,
        0.09654974225929909
    ],
    "RGM1": [
        0.03386629199667402,
        0.06771542660279992
    ]
}