{
    "MET4:PGD1": [
        0.01690377803786646,
        0.08749819116096508
    ],
    "MET4:SMP1": [
        -0.07243864568822642,
        -0.023476298352659335
    ],
    "MET4:INO4": [
        -0.07721565980523949,
        -0.02194650928274821
    ],
    "MET4:FKH2": [
        -0.05232703635412894,
        -0.0034994890345306107
    ],
    "MET4:MSN2": [
        0.0007984922960700552,
        0.07225684321211524
    ]
}