{
    "MET4:SMP1": [
        -0.06840887325921498,
        -0.015190911789481574
    ],
    "MSN2": [
        0.026978762594228902,
        0.07175365169199915
    ]
}