{
    "MET4:SMP1": [
        -0.12538133907481275,
        -0.015268170962564432
    ],
    "MET4:MSN2": [
        0.012208962687791048,
        0.15116841416818275
    ]
}