{
    "98.0": {
        "HAP4:OPI1": [
            -0.05558707297033412,
            -0.0009192690255003946
        ],
        "HAP4:HAP3": [
            0.0,
            0.0878501975372177
        ],
        "HAP4:SMP1": [
            -0.08124947862353213,
            -0.035701011086234725
        ],
        "HAP4:GAL80": [
            -0.052689305486243475,
            0.0
        ],
        "GAL80": [
            -0.050051171116718265,
            -0.009383319395979839
        ],
        "HAP2": [
            0.052771797260509096,
            0.0948926277035382
        ],
        "HAP3": [
            0.01913944106724763,
            0.06954680550314238
        ],
        "OPI1": [
            -0.029262052611070538,
            0.0012933958150590998
        ]
    }
}