{
    "90.0": {
        "GAT2:OPI1": [
            -0.08994066897760766,
            0.0
        ],
        "GAT2:MBP1": [
            -0.06217363989207429,
            0.0
        ],
        "GAT2:DAT1": [
            -0.1089253799719173,
            -0.011121894388880628
        ],
        "GAT2:FKH2": [
            -0.1179577449829582,
            -0.007444332031818831
        ],
        "GAT2:TUP1": [
            0.030207534308466674,
            0.16383042806359882
        ],
        "GAT2:GIS1": [
            0.0,
            0.11189509959189119
        ]
    }
}