{
    "98.0": {
        "ZAP1:SWI4": [
            -0.05492100921530709,
            -0.020432370807401373
        ],
        "ZAP1:MSN2": [
            -1.6170207911417154e-05,
            0.04398473589592092
        ],
        "MSN2": [
            0.014501395246573578,
            0.05802644646435309
        ]
    }
}