{
    "98.0": {
        "ARG80:GAL4": [
            0.0,
            0.03832790424314284
        ],
        "GAL4": [
            0.01714715768578062,
            0.0659095046945404
        ]
    }
}