{
    "98.0": {
        "MET31:DIG1": [
            -0.027308485369137256,
            0.0035064229152771227
        ],
        "MET31:SMP1": [
            -0.05118775811800811,
            -0.007480187194988457
        ],
        "MET31:GAL4": [
            0.0,
            0.06216063992744548
        ],
        "DIG1": [
            -0.027600951094746688,
            0.0
        ],
        "GAL4": [
            0.0,
            0.04746499063029863
        ],
        "SMP1": [
            -0.025064378414349955,
            0.0054359916336936395
        ],
        "TUP1": [
            0.04381966436877381,
            0.07594887092548018
        ]
    }
}