{
    "98.0": {
        "INO4:EAF1": [
            -0.039444393839137726,
            -0.002727633325601087
        ],
        "INO4:PGD1": [
            0.044356028956574714,
            0.09479845013748718
        ],
        "INO4:SMP1": [
            -0.05442849172305435,
            -0.009933676446545008
        ],
        "INO4:MBP1": [
            -0.04221742915614425,
            -0.002668967251144295
        ],
        "INO4:FKH2": [
            -0.04954496146278847,
            -0.013676798518290423
        ],
        "INO4:GAL4": [
            0.033448073249906056,
            0.09004891917484963
        ]
    }
}