{
    "98.0": {
        "ARG80:GAL4": [
            0.0,
            0.03959471589903039
        ],
        "GAL4": [
            0.017410349848530446,
            0.06606738310003453
        ]
    }
}