{
    "98.0": {
        "DAL80:MTH1": [
            -0.06622416876037318,
            -0.017141732888642215
        ],
        "DAL80:SPT2": [
            0.0,
            0.041845601729010556
        ],
        "DAL80:EAF1": [
            -0.04285615160401292,
            -0.0035274499072411583
        ],
        "DAL80:GZF3": [
            0.0008298649794643193,
            0.07216421896864034
        ],
        "DAL80:FKH2": [
            -0.04973827664141451,
            -0.007755417786923054
        ],
        "DAL80:MSN2": [
            0.011791686089952824,
            0.06321508117051872
        ],
        "DAL80:GAL4": [
            0.018497861118363417,
            0.07074739193326157
        ],
        "DAL80:CBF1": [
            -0.05221104185323793,
            -0.006430432089778261
        ]
    }
}