{
    "90.0": {
        "MSN2:MBP1": [
            -0.0735478199333989,
            0.0
        ],
        "MSN2:UPC2": [
            -0.08627687096403129,
            0.0
        ],
        "MSN2:GAL4": [
            0.13420889843730577,
            0.24941733638589325
        ],
        "MSN2:ASH1": [
            -0.15398227673092044,
            -0.07323366143021136
        ]
    }
}