{
    "98.0": {
        "YHP1:OPI1": [
            -0.05230984504463362,
            -0.018343652258206347
        ],
        "YHP1:FKH2": [
            -0.04720812313153817,
            -0.006131723682240154
        ],
        "YHP1:GIS1": [
            0.02575475318678038,
            0.07874186570399906
        ],
        "YHP1:MSN2": [
            0.0,
            0.04786699902232693
        ],
        "YHP1:FKH1": [
            -0.03692680876711684,
            -0.0010622055677739703
        ]
    }
}