{
    "98.0": {
        "PDR3:GAL4": [
            0.0,
            0.05169059315515073
        ],
        "GAL4": [
            0.005370777387868036,
            0.05808317579901237
        ]
    }
}