{
    "90.0": {
        "MOT3:OPI1": [
            -0.05893598434361459,
            0.0
        ],
        "MOT3:MBP1": [
            -0.048282257775153964,
            0.0
        ],
        "MOT3:FKH2": [
            -0.06680900839485449,
            0.0
        ],
        "MOT3:GIS1": [
            0.0,
            0.10744058333517928
        ],
        "MOT3:GAL4": [
            0.0,
            0.10648309579828732
        ],
        "MOT3:CBF1": [
            -0.07076017457193395,
            0.0
        ]
    }
}