{
    "YHP1:OPI1": [
        -0.08868006665763799,
        -0.027976231810875822
    ],
    "YHP1:GIS1": [
        0.02510033468498974,
        0.12189960856545011
    ]
}