{
    "90.0": {
        "USV1:WTM1": [
            -0.12091316975395942,
            -0.03215011239372644
        ],
        "USV1:EAF1": [
            -0.061889263960372004,
            0.0
        ],
        "USV1:PGD1": [
            0.015553961478334271,
            0.16546624648133762
        ],
        "USV1:MBP1": [
            -0.075375939684707,
            0.0
        ],
        "USV1:AZF1": [
            -0.13767960392612968,
            -0.022771128113742486
        ],
        "USV1:UPC2": [
            -0.0977167130697671,
            0.0
        ],
        "USV1:GIS1": [
            0.022030259212966828,
            0.14525857034712952
        ],
        "USV1:GAL4": [
            0.0,
            0.10445035090531639
        ],
        "USV1:FKH1": [
            -0.04617782756089033,
            0.010151633647256212
        ]
    }
}