{
    "98.0": {
        "GAL80:MSN2": [
            0.0,
            0.046854913549751055
        ],
        "GAL80:SUM1": [
            -0.00423912875548654,
            0.032917835443848055
        ],
        "GAL80:FKH1": [
            -0.04851233030058739,
            0.0
        ]
    }
}