{
    "98.0": {
        "GAL80:MSN2": [
            0.0,
            0.04685491354975105
        ],
        "GAL80:SUM1": [
            -0.004239128755486544,
            0.032917835443848055
        ],
        "GAL80:FKH1": [
            -0.04851233030058738,
            0.0
        ]
    }
}