{
    "90.0": {
        "GZF3:MBP1": [
            -0.08815744967472684,
            0.0
        ],
        "GZF3:FKH2": [
            -0.10302349375631291,
            0.0
        ],
        "GZF3:GIS1": [
            0.0,
            0.06921335939759618
        ],
        "GZF3:MSN2": [
            0.0,
            0.08448169832612897
        ],
        "GZF3:GAL4": [
            0.0,
            0.11703431632315117
        ],
        "GZF3:CBF1": [
            -0.08011100759537972,
            0.0
        ]
    }
}