{
    "USV1:WTM1": [
        -0.05095685489769153,
        -0.009811867294309926
    ],
    "USV1:EAF1": [
        -0.04073743259164426,
        -0.004735323262324717
    ],
    "USV1:PGD1": [
        0.02339739264228185,
        0.09418442485062713
    ],
    "USV1:MBP1": [
        -0.04407466541583809,
        -0.0032146602048753583
    ],
    "USV1:AZF1": [
        -0.05629117559124548,
        -0.003878273722847128
    ],
    "USV1:UPC2": [
        -0.058952393080231834,
        -0.010895906789543913
    ],
    "USV1:GIS1": [
        0.02673086523310423,
        0.08288769303550918
    ],
    "USV1:GAL4": [
        0.008174140995820865,
        0.0655078572542438
    ],
    "USV1:FKH1": [
        -0.03808763930006226,
        -0.002561227483483389
    ]
}