{
    "USV1:WTM1": [
        -0.0706445813359026,
        -0.027370973601192297
    ],
    "USV1:AZF1": [
        -0.09449584314127213,
        -0.010335310510667823
    ],
    "GIS1": [
        0.03228118818810518,
        0.06827155224818998
    ],
    "PGD1": [
        0.00717140601009412,
        0.06018308773741042
    ]
}