{
    "USV1:WTM1": [
        -0.12091316975395942,
        -0.03215011239372644
    ],
    "USV1:PGD1": [
        0.015553961478334271,
        0.16546624648133762
    ],
    "USV1:AZF1": [
        -0.13767960392612968,
        -0.022771128113742486
    ],
    "USV1:GIS1": [
        0.022030259212966828,
        0.14525857034712952
    ]
}