{
    "98.0": {
        "CHA4:LYS14": [
            -0.028250579005767412,
            -0.0008699100845973908
        ],
        "CHA4:PDR3": [
            -0.03360510543679249,
            0.0
        ],
        "CHA4:MSN2": [
            0.0,
            0.04828814902674171
        ],
        "GIS1": [
            0.030338336468692495,
            0.06664505710722039
        ],
        "MSN2": [
            0.00018633919753494792,
            0.04508773789581738
        ],
        "PDR3": [
            -0.02796899141974547,
            0.003380608329352577
        ],
        "RTG1": [
            -0.052393545067741465,
            -0.022705054173456266
        ]
    }
}