{
    "98.0": {
        "SFL1:FZF1": [
            -0.06261117734009476,
            -0.017356815301970994
        ],
        "SFL1:SWI4": [
            -0.054778675556343956,
            -0.016678626582715687
        ],
        "SFL1:RGM1": [
            0.0012490258634887481,
            0.04688810378766872
        ],
        "SFL1:OPI1": [
            -0.07659085153137146,
            -0.034041811366286125
        ],
        "SFL1:PGD1": [
            0.0,
            0.05746658311304298
        ],
        "SFL1:RPD3": [
            0.0,
            0.04895504379040552
        ],
        "SFL1:MSN2": [
            0.0198881727508682,
            0.08341166590526192
        ]
    }
}