{
    "CHA4:LYS14": [
        -0.03320621474911091,
        -0.007033663159349211
    ],
    "CHA4:PDR3": [
        -0.051107526232111594,
        -0.011801172851827831
    ],
    "CHA4:CYC8": [
        0.0040957679671013245,
        0.04155578040660279
    ],
    "CHA4:GIS1": [
        0.012286713845179436,
        0.05405583768640766
    ],
    "CHA4:RTG1": [
        -0.06011530924932739,
        -0.02085737600594931
    ],
    "CHA4:MSN2": [
        0.018391648116781466,
        0.06657355404763743
    ]
}