{
    "CHA4:LYS14": [
        -0.028274078923083975,
        -0.00014410681369546435
    ],
    "GIS1": [
        0.029541116618962502,
        0.0680131410649336
    ],
    "RTG1": [
        -0.05270569974098458,
        -0.023873063301435397
    ]
}