{
    "98.0": {
        "CIN5:GAT4": [
            0.025228500714652064,
            0.08125573416776902
        ],
        "CIN5:OPI1": [
            -0.050486754725743536,
            -0.005259816596907805
        ],
        "CIN5:EAF1": [
            -0.04019367627073888,
            -0.0002350507229750885
        ],
        "CIN5:TOG1": [
            -0.0713445791889606,
            -0.016129103590218016
        ],
        "CIN5:IXR1": [
            0.010377531539235601,
            0.060958052826890645
        ],
        "CIN5:MSN2": [
            0.02523025843079655,
            0.0882305175947192
        ],
        "CIN5:FKH1": [
            -0.04527650071700835,
            -0.009880038479125051
        ],
        "CIN5:ERT1": [
            -0.05134990869676667,
            -0.0072638250709825235
        ]
    }
}