{
    "90.0": {
        "MET28:PUT3": [
            0.0,
            0.09708897355939693
        ],
        "MET28:SMP1": [
            -0.06969174124030796,
            0.0
        ],
        "MET28:UPC2": [
            -0.09922411134902379,
            0.0
        ],
        "MET28:YHP1": [
            -0.07897750537783035,
            0.0
        ],
        "MET28:GAL11": [
            0.0,
            0.06087484092797513
        ],
        "MET28:MSN2": [
            -0.012398389114891538,
            0.05307731256245083
        ],
        "MET28:GAL4": [
            0.0,
            0.10393118518121866
        ]
    }
}