{
    "90.0": {
        "RTG3:OPI1": [
            -0.08712727696700522,
            0.0
        ],
        "RTG3:EAF1": [
            -0.0784721166935004,
            0.0
        ],
        "RTG3:GIS1": [
            0.0,
            0.15881762371278124
        ],
        "RTG3:ERT1": [
            -0.06107943788995075,
            0.00606254397639327
        ]
    }
}