{
    "WTM1:OPI1": [
        -0.053015363665356696,
        -0.018018436441925453
    ],
    "WTM1:GIS1": [
        0.007611013038572535,
        0.0511299959799669
    ],
    "WTM1:FKH1": [
        -0.03722656662063675,
        -0.008950353823771106
    ]
}