{
    "WTM1:OPI1": [
        -0.053015363665356696,
        -0.01801843644192547
    ],
    "WTM1:GIS1": [
        0.0076110130385725425,
        0.05112999597996691
    ],
    "WTM1:FKH1": [
        -0.03722656662063675,
        -0.008950353823771113
    ]
}