{
    "98.0": {
        "RGT1:OPI1": [
            -0.06923577091143539,
            0.0
        ],
        "RGT1:GIS1": [
            0.0,
            0.06456152495115892
        ],
        "RGT1:MSN2": [
            0.0,
            0.05274681170047167
        ]
    }
}