{
    "90.0": {
        "SUM1:RGM1": [
            0.0,
            0.05475369086941003
        ],
        "SUM1:ARG80": [
            -0.05347018810279339,
            0.0
        ],
        "SUM1:MBP1": [
            -0.06881343208135507,
            0.0
        ],
        "SUM1:DAT1": [
            -0.08920801942233439,
            0.0
        ],
        "SUM1:MET31": [
            -0.057425266957949875,
            0.0
        ],
        "SUM1:GIS1": [
            0.0,
            0.10806299895862592
        ],
        "SUM1:MSN2": [
            0.0,
            0.11857081497218266
        ],
        "SUM1:FKH1": [
            -0.04957652536295077,
            0.0
        ],
        "SUM1:ERT1": [
            -0.06847180715265778,
            0.0
        ]
    }
}