{
    "PGD1:ARG81": [
        -0.05828098966218046,
        -0.015728186702782317
    ],
    "PGD1:GIS1": [
        0.02186487966143452,
        0.08424176810803793
    ],
    "SWI6": [
        -0.03509084192646142,
        -0.000863255464493555
    ]
}