{
    "PGD1:SWI6": [
        -0.11385513181842306,
        -0.04659808172470479
    ],
    "PGD1:ARG81": [
        -0.13083541438530621,
        -0.06415617594579223
    ],
    "PGD1:GIS1": [
        0.07640280692883919,
        0.1566553942092721
    ]
}