{
    "90.0": {
        "MET31:DIG1": [
            -0.08424535030057369,
            -0.009355057102586628
        ],
        "MET31:OPI1": [
            -0.06599366174527069,
            0.0
        ],
        "MET31:SMP1": [
            -0.09691336396069518,
            -0.012982218047477961
        ],
        "MET31:TUP1": [
            0.008121587114953973,
            0.09864204765795402
        ],
        "MET31:UPC2": [
            -0.08631194900604247,
            0.0
        ],
        "MET31:MSN2": [
            0.0,
            0.09155604032522437
        ],
        "MET31:GAL4": [
            0.03817131652613921,
            0.13350395344715132
        ],
        "MET31:GAL80": [
            0.0,
            0.1127698838010956
        ]
    }
}