{
    "98.0": {
        "YAP6:BAS1": [
            -0.03517072925863584,
            -0.005813075738769851
        ],
        "YAP6:OPI1": [
            -0.06581351079562456,
            -0.026880852109505603
        ],
        "YAP6:PGD1": [
            0.0,
            0.039669931310388214
        ],
        "YAP6:GIS1": [
            0.010192257479700664,
            0.06005764630932214
        ],
        "YAP6:MSN2": [
            0.0,
            0.049063337119957466
        ]
    }
}