{
    "SFL1:FZF1": [
        -0.10249833564860716,
        -0.012623174810536156
    ],
    "SFL1:SWI4": [
        -0.09225242776303162,
        -0.017378249690200805
    ],
    "SFL1:OPI1": [
        -0.13158060149379497,
        -0.05022787145033172
    ],
    "SFL1:MSN2": [
        0.05350285475539075,
        0.1580679874416947
    ]
}