{
    "90.0": {
        "YHP1:OPI1": [
            -0.08868006665763799,
            -0.027976231810875822
        ],
        "YHP1:FKH2": [
            -0.07615379546228017,
            0.0
        ],
        "YHP1:GIS1": [
            0.02510033468498974,
            0.12189960856545011
        ],
        "YHP1:FKH1": [
            -0.07179381666989622,
            0.0
        ]
    }
}