{
    "98.0": {
        "PIP2:OPI1": [
            -0.05621616919727692,
            -0.02375470467812695
        ],
        "PIP2:GIS1": [
            0.008044618615823998,
            0.055859519427824904
        ],
        "PIP2:MSN2": [
            0.017293556564739458,
            0.06663253800738622
        ],
        "PIP2:TEA1": [
            -0.04908651628494142,
            -0.01671832258797512
        ]
    }
}