{
    "CIN5:GAT4": [
        0.025228500714652064,
        0.08125573416776903
    ],
    "CIN5:OPI1": [
        -0.050486754725743536,
        -0.005259816596907813
    ],
    "CIN5:EAF1": [
        -0.04019367627073888,
        -0.00023505072297509645
    ],
    "CIN5:TOG1": [
        -0.07134457918896057,
        -0.016129103590217995
    ],
    "CIN5:IXR1": [
        0.010377531539235605,
        0.06095805282689064
    ],
    "CIN5:MSN2": [
        0.025230258430796536,
        0.08823051759471923
    ],
    "CIN5:FKH1": [
        -0.04527650071700835,
        -0.00988003847912505
    ],
    "CIN5:ERT1": [
        -0.05134990869676665,
        -0.007263825070982519
    ]
}