{
    "CIN5:OPI1": [
        -0.05004516834599189,
        -0.012826158166121473
    ],
    "CIN5:IXR1": [
        0.007953544949523666,
        0.0718038624128769
    ]
}