{
    "CIN5:OPI1": [
        -0.08268505188244148,
        -0.0022906304889764614
    ],
    "CIN5:EAF1": [
        -0.08237638873738129,
        -0.004692560784981422
    ],
    "CIN5:IXR1": [
        0.03002427113037311,
        0.1444209176089954
    ]
}