{
    "UME1:FKH2": [
        -0.04408363728496022,
        -0.015050844233335822
    ],
    "MSN2": [
        0.009486390152677895,
        0.06255589385332036
    ]
}