{
    "90.0": {
        "YAP6:BAS1": [
            -0.0711468937024437,
            0.0
        ],
        "YAP6:OPI1": [
            -0.07662465022841039,
            0.0
        ],
        "YAP6:GIS1": [
            0.0,
            0.12042488923298048
        ]
    }
}