{
    "90.0": {
        "YAP6:BAS1": [
            -0.0711468937024437,
            0.0
        ],
        "YAP6:OPI1": [
            -0.0766246502284104,
            0.0
        ],
        "YAP6:GIS1": [
            0.0,
            0.1204248892329805
        ]
    }
}