{
    "RPN4:ACE2": [
        -0.050501352171278234,
        -0.0069568139111019535
    ],
    "RPN4:MBP1": [
        -0.055302575081495386,
        -0.00864205306911408
    ]
}