{
    "RPN4:ACE2": [
        -0.10689668412595486,
        -0.0230686436312135
    ],
    "RPN4:MBP1": [
        -0.10066229285077487,
        -0.0016847491712519737
    ]
}