{
    "98.0": {
        "NRG1:MET31": [
            -0.05092816937136364,
            0.0
        ],
        "NRG1:MSN2": [
            0.0,
            0.06408985662231251
        ],
        "NRG1:GAL80": [
            -0.041873237133353766,
            0.0
        ],
        "GAL80": [
            -0.03283166540549237,
            0.0
        ],
        "MET31": [
            -0.03359878358152121,
            0.0
        ],
        "MSN2": [
            0.0,
            0.047044427609210855
        ]
    }
}