{
    "ACA1:OPI1": [
        -0.06601942519779234,
        -0.027205047360475423
    ],
    "ACA1:GIS1": [
        0.038047255106352526,
        0.0890747637260303
    ]
}