{
    "98.0": {
        "CHA4:LYS14": [
            -0.028274078923083975,
            -0.00014410681369546435
        ],
        "CHA4:PDR3": [
            -0.031138944133056897,
            0.0
        ],
        "CHA4:MSN2": [
            0.0,
            0.04770811138138578
        ],
        "GIS1": [
            0.029541116618962502,
            0.0680131410649336
        ],
        "MSN2": [
            0.0,
            0.046528117195292096
        ],
        "PDR3": [
            -0.031027271355679203,
            0.001468377041855758
        ],
        "RTG1": [
            -0.05270569974098458,
            -0.023873063301435397
        ]
    }
}