{
    "90.0": {
        "CIN5:GAT4": [
            0.0,
            0.11377125173414374
        ],
        "CIN5:OPI1": [
            -0.08268505188244146,
            -0.0022906304889764536
        ],
        "CIN5:EAF1": [
            -0.08237638873738129,
            -0.004692560784981416
        ],
        "CIN5:TOG1": [
            -0.10846649583884474,
            0.0
        ],
        "CIN5:IXR1": [
            0.030024271130373096,
            0.1444209176089954
        ],
        "CIN5:MSN2": [
            0.0,
            0.07815356884464993
        ],
        "CIN5:FKH1": [
            -0.08832411535932966,
            0.0
        ],
        "CIN5:ERT1": [
            -0.0740760218052702,
            0.0
        ]
    }
}