{
    "MOT3:OPI1": [
        -0.053584688371792775,
        -0.01577553743467939
    ],
    "MOT3:MBP1": [
        -0.05165310638056584,
        -0.004405364877089191
    ],
    "MOT3:FKH2": [
        -0.051518192074494304,
        -0.004169593119734386
    ],
    "MOT3:GIS1": [
        0.01426851984486474,
        0.07525516609940135
    ],
    "MOT3:GAL4": [
        0.011214263121129501,
        0.0624916673795951
    ],
    "MOT3:CBF1": [
        -0.045659945397198476,
        -0.007365595881746471
    ]
}