{
    "90.0": {
        "ZAP1:SWI4": [
            -0.0819364841173612,
            -0.006173420634911312
        ],
        "ZAP1:MBP1": [
            -0.08107149992459631,
            0.0
        ],
        "ZAP1:MSN2": [
            0.03075450281110969,
            0.13936807359991857
        ],
        "ZAP1:FKH1": [
            -0.07867102443098181,
            0.0
        ]
    }
}