{
    "98.0": {
        "RPH1:RGM1": [
            0.014482529407900164,
            0.06783288932991692
        ],
        "RPH1:TOG1": [
            -0.07426590721640494,
            -0.025401991147224412
        ],
        "RPH1:DAT1": [
            -0.07311030689152613,
            -0.02050074048791081
        ],
        "RPH1:MSN2": [
            0.013440569053912575,
            0.10499681496182921
        ],
        "RPH1:ERT1": [
            -0.0513774254449057,
            -0.009855720717125802
        ],
        "DAT1": [
            -0.0010912805153599425,
            0.036572552729600735
        ],
        "MSN2": [
            -0.011644756247528738,
            0.04268699451735714
        ]
    }
}