{
    "90.0": {
        "OPI1:FZF1": [
            -0.10421062721184995,
            -0.008621098284740758
        ],
        "OPI1:SWI5": [
            -0.06005624051355064,
            0.0
        ],
        "OPI1:ARG80": [
            -0.047641373391531926,
            0.0
        ],
        "OPI1:RDR1": [
            -0.09054536762356037,
            0.0
        ],
        "OPI1:PGD1": [
            0.0,
            0.06916547684897753
        ],
        "OPI1:DAT1": [
            -0.056000356931860513,
            0.0
        ],
        "OPI1:INO4": [
            0.03449960345159527,
            0.15180624222596711
        ],
        "OPI1:INO2": [
            0.09429120837718225,
            0.20428417408736416
        ],
        "OPI1:GIS1": [
            0.0,
            0.054764448196136066
        ],
        "OPI1:FKH1": [
            -0.05966463171714803,
            0.0
        ],
        "OPI1:PPR1": [
            -0.09943376000138535,
            -0.0173611389813526
        ]
    }
}