{
    "98.0": {
        "FKH2": [
            -0.03636220682180734,
            -0.012697397230694938
        ],
        "TEA1": [
            -0.03172668513394304,
            -0.00703382514869538
        ]
    }
}