{
    "98.0": {
        "USV1:WTM1": [
            -0.07031655839430798,
            -0.028354130163594587
        ],
        "USV1:PGD1": [
            0.0,
            0.09018356041699717
        ],
        "USV1:AZF1": [
            -0.09457794658504078,
            -0.012127714720711115
        ],
        "AZF1": [
            0.0,
            0.05181997173576205
        ],
        "GIS1": [
            0.03195964713981584,
            0.06805797618948842
        ],
        "PGD1": [
            0.007574585838739086,
            0.06260714895856803
        ]
    }
}