{
    "98.0": {
        "RTG3:OPI1": [
            -0.051739630296928185,
            -0.01338618563108369
        ],
        "RTG3:EAF1": [
            -0.04308837063886381,
            -0.007933402420771254
        ],
        "RTG3:GIS1": [
            0.05808687788806432,
            0.11794799810736871
        ],
        "RTG3:ERT1": [
            -0.05083873733327716,
            -0.00030553279158069673
        ]
    }
}