{
    "90.0": {
        "STP2:OPI1": [
            -0.051486717544108135,
            0.0
        ],
        "STP2:ASG1": [
            -0.09429856493404008,
            0.0
        ],
        "STP2:MBP1": [
            -0.05074174149501981,
            0.0
        ],
        "STP2:DAT1": [
            -0.0351984646233541,
            0.007145915946304968
        ],
        "STP2:GIS1": [
            0.0,
            0.12693854214327813
        ],
        "STP2:MSN2": [
            0.0,
            0.09960739236101059
        ]
    }
}