{
    "98.0": {
        "HAP4:OPI1": [
            -0.05316393929480814,
            0.0
        ],
        "HAP4:HAP3": [
            0.0,
            0.08785241829603936
        ],
        "HAP4:SMP1": [
            -0.08195468999276763,
            -0.03484063787343937
        ],
        "HAP4:GAL80": [
            -0.04996727266946909,
            0.0
        ],
        "GAL80": [
            -0.04845552784320146,
            -0.010264543072591111
        ],
        "HAP2": [
            0.052331311758407995,
            0.09409360032520762
        ],
        "HAP3": [
            0.016127182707028256,
            0.07027146779424862
        ],
        "OPI1": [
            -0.030993958285353874,
            0.002099670285072343
        ]
    }
}