{
    "98.0": {
        "ACA1:OPI1": [
            -0.06601942519779236,
            -0.02720504736047544
        ],
        "ACA1:GIS1": [
            0.03804725510635252,
            0.08907476372603032
        ]
    }
}