{
    "98.0": {
        "AFT1:DAT1": [
            -0.0867420874053878,
            0.0
        ],
        "AFT1:GAL4": [
            0.0,
            0.07619552238433495
        ],
        "DAT1": [
            0.0,
            0.05723950158333073
        ],
        "GAL4": [
            0.006632657353017072,
            0.0632961853042124
        ]
    }
}