{
    "90.0": {
        "ARO80:OPI1": [
            -0.07561707293906837,
            0.0
        ],
        "ARO80:GIS1": [
            0.0,
            0.0809658266722658
        ],
        "ARO80:FKH1": [
            -0.029357120991802148,
            0.009620922334268119
        ]
    }
}