{
    "98.0": {
        "ARG81:SFP1": [
            -0.04705355853170968,
            0.0
        ],
        "ARG81:EAF1": [
            -0.029320893718122288,
            0.006809559213337016
        ],
        "ARG81:PGD1": [
            0.0,
            0.05447662246558852
        ],
        "ARG81:MBP1": [
            -0.0363430452348036,
            0.0
        ],
        "ARG81:RTG3": [
            -0.04994321251793278,
            -0.004132737253576454
        ],
        "ARG81:DAT1": [
            -0.033381931877739385,
            0.003165862359350418
        ],
        "ARG81:AZF1": [
            -0.03687700388547943,
            0.0
        ],
        "ARG81:FKH2": [
            -0.04588047028952125,
            -0.008915083623137207
        ],
        "ARG81:UPC2": [
            -0.05056147881583976,
            -0.004900218245608701
        ],
        "ARG81:GAL11": [
            0.00016384269669155734,
            0.06012564559427012
        ],
        "ARG81:GIS1": [
            0.018424374072923695,
            0.0743130125133376
        ],
        "ARG81:MSN2": [
            0.014139660318447678,
            0.06711834980031357
        ],
        "ARG81:GAL4": [
            0.02238097466156177,
            0.08095802799049161
        ],
        "ARG81:CRZ1": [
            -0.03679768265226583,
            0.0
        ]
    }
}