{
    "SKN7:HAA1": [
        -0.07204059855364284,
        -0.03383721781587263
    ],
    "SKN7:GIS1": [
        0.06973988746082976,
        0.12344161259667943
    ],
    "SKN7:PPR1": [
        -0.07254691377029375,
        -0.029139782995924953
    ]
}