{
    "SKN7:HAA1": [
        -0.06718732099285726,
        -0.03162572114170423
    ],
    "SKN7:GIS1": [
        0.032977958698010776,
        0.1051922223495676
    ],
    "SKN7:PPR1": [
        -0.05614349723343248,
        -0.007851739573782376
    ],
    "GIS1": [
        0.02079628190049895,
        0.06645872187856122
    ]
}