{
    "SKN7:HAA1": [
        -0.14642460941255186,
        -0.07740319741114264
    ],
    "SKN7:GIS1": [
        0.1789417615659712,
        0.26818604305057175
    ],
    "SKN7:PPR1": [
        -0.12773682638839853,
        -0.05641944679925347
    ]
}