{
    "MSN2:MBP1": [
        -0.04329593289755127,
        -0.0007180191026289857
    ],
    "MSN2:UPC2": [
        -0.05088652812027169,
        -0.001519008608718984
    ],
    "MSN2:GAL4": [
        0.0190130104085402,
        0.07345783428996373
    ],
    "MSN2:ASH1": [
        -0.08881609366240517,
        -0.030371364977754365
    ]
}