{
    "98.0": {
        "DAL80:MTH1": [
            -0.056109741377270934,
            -0.005522430002548455
        ],
        "DAL80:GZF3": [
            0.010336662398684946,
            0.08462845670199802
        ],
        "DAL80:FKH2": [
            -0.04620694102165024,
            -0.010020597136627368
        ],
        "DAL80:GAL4": [
            -0.0018148336956850674,
            0.05961162253567369
        ],
        "DAL80:CBF1": [
            -0.04506461558462595,
            -0.008060844460918232
        ],
        "EAF1": [
            -0.02890157029441832,
            -0.0019355377820359713
        ],
        "GAL4": [
            -0.0,
            0.048742840071075065
        ],
        "MSN2": [
            0.02012258843398158,
            0.05635559905660401
        ]
    }
}