{
    "YOX1:WTM1": [
        -0.0680809923724682,
        -0.018816804609963714
    ],
    "YOX1:RGM1": [
        0.0002293315994430676,
        0.050253915849421106
    ],
    "YOX1:BAS1": [
        -0.04022913394320337,
        -0.006469554625676042
    ],
    "YOX1:PGD1": [
        0.0011361261654192472,
        0.07935514840294815
    ],
    "YOX1:DAT1": [
        -0.0652845767005686,
        -0.018242930155267005
    ],
    "YOX1:GIS1": [
        0.042596914731238444,
        0.0996815609183475
    ],
    "YOX1:FKH1": [
        -0.0451443960683177,
        -0.011861344816334081
    ],
    "YOX1:ERT1": [
        -0.06667584656866819,
        -0.014560496405239227
    ]
}