{
    "GIS1:WTM1": [
        -0.053322937334267406,
        -0.011088767979556257
    ],
    "GIS1:ARG80": [
        -0.049146340470575305,
        -0.008987416756241026
    ],
    "GIS1:PGD1": [
        0.00619680815591705,
        0.07508601687831946
    ],
    "GIS1:SMP1": [
        -0.03959131364873168,
        -0.0019186132962132293
    ],
    "GIS1:GAL4": [
        0.022189479614574875,
        0.08179955322253912
    ],
    "GIS1:RPH1": [
        -0.061158377083008614,
        -0.0059235879993688395
    ]
}