{
    "GIS1:ARG80": [
        -0.0681817750503381,
        -0.015234816186646814
    ],
    "GAL4": [
        0.00048658765294289145,
        0.04946815208841363
    ],
    "PGD1": [
        0.032391320694863744,
        0.06951317725764473
    ]
}