{
    "98.0": {
        "CIN5:OPI1": [
            -0.0491498154939685,
            -0.01408519547432386
        ],
        "CIN5:EAF1": [
            -0.03433777339522453,
            0.0
        ],
        "CIN5:IXR1": [
            0.009150508598681422,
            0.06998127642415936
        ],
        "EAF1": [
            -0.023759406232387047,
            0.0035030069390122993
        ],
        "IXR1": [
            -0.007033888519193045,
            0.03097982085598593
        ]
    }
}