{
    "MIG1:CYC8": [
        0.01664633697962562,
        0.0754197741258224
    ],
    "MIG1:CBF1": [
        -0.05727909807753807,
        -0.027842273070941163
    ],
    "CYC8": [
        0.03826397522956028,
        0.07774184962696602
    ]
}