{
    "90.0": {
        "AZF1:GIS1": [
            -0.024560727695914893,
            0.03068668708789067
        ],
        "AZF1:MSN2": [
            0.0,
            0.10023094138494705
        ],
        "AZF1:STE12": [
            -0.06323054820457144,
            0.0
        ],
        "AZF1:TEA1": [
            -0.0843572797752079,
            0.0
        ]
    }
}