{
    "90.0": {
        "CIN5:GAT4": [
            0.0,
            0.11377125173414374
        ],
        "CIN5:OPI1": [
            -0.08268505188244148,
            -0.0022906304889764614
        ],
        "CIN5:EAF1": [
            -0.08237638873738129,
            -0.004692560784981422
        ],
        "CIN5:TOG1": [
            -0.10846649583884474,
            0.0
        ],
        "CIN5:IXR1": [
            0.03002427113037311,
            0.1444209176089954
        ],
        "CIN5:MSN2": [
            0.0,
            0.07815356884464998
        ],
        "CIN5:FKH1": [
            -0.08832411535932964,
            0.0
        ],
        "CIN5:ERT1": [
            -0.07407602180527025,
            0.0
        ]
    }
}