{
    "98.0": {
        "STB5:GAL4": [
            0.0,
            0.030407801691843393
        ],
        "GAL4": [
            0.024157384035414817,
            0.06251026499551741
        ]
    }
}