{
    "98.0": {
        "MET28:PUT3": [
            0.0004673307032679302,
            0.04619484944820621
        ],
        "MET28:SMP1": [
            -0.06412456603581375,
            -0.017583917776891122
        ],
        "MET28:UPC2": [
            -0.06239612362730375,
            -0.024450788947156542
        ],
        "MET28:YHP1": [
            -0.067400734430433,
            -0.016681373013041886
        ],
        "MET28:GAL11": [
            0.021416201866115894,
            0.06520426253753649
        ],
        "MET28:MSN2": [
            0.003218047515323759,
            0.05760439125001224
        ],
        "MET28:GAL4": [
            0.03184282848890818,
            0.08072828385354552
        ]
    }
}