{
    "90.0": {
        "SFP1:DAT1": [
            0.0,
            0.1536478642426088
        ],
        "SFP1:FKH2": [
            -0.10303110077087768,
            -0.023953023207406488
        ],
        "SFP1:TEA1": [
            -0.12604920937118783,
            -0.0412329040730199
        ]
    }
}