{
    "90.0": {
        "RPH1:RGM1": [
            0.012063924072449977,
            0.10816378307904176
        ],
        "RPH1:OPI1": [
            -0.06547400167491103,
            0.0
        ],
        "RPH1:PGD1": [
            0.0,
            0.08395761574153855
        ],
        "RPH1:TOG1": [
            -0.11977515450898606,
            -0.019342652312265632
        ],
        "RPH1:DAT1": [
            -0.106822294520626,
            -0.036479342320266304
        ],
        "RPH1:MSN2": [
            0.08388352740066403,
            0.2151290470240656
        ],
        "RPH1:FKH1": [
            -0.06982493631380315,
            0.0
        ],
        "RPH1:ERT1": [
            -0.10585392192836023,
            -0.017948567161587662
        ]
    }
}