{
    "RDS2:RGM1": [
        0.010914607878558217,
        0.056203338030724
    ],
    "RDS2:GZF3": [
        -0.06225500069874389,
        -0.026077005659736526
    ],
    "RDS2:MSN2": [
        0.024571514535661535,
        0.0800806268434347
    ],
    "GIS1": [
        0.04031498556099843,
        0.07575582646682277
    ],
    "OPI1": [
        -0.04075501688670992,
        -0.0030908082879579717
    ],
    "UPC2": [
        -0.03777226326025994,
        -7.532947493032273e-05
    ]
}