{
    "RDS2:SWI4": [
        -0.07991359646259755,
        -0.009187571532427288
    ],
    "RDS2:RGM1": [
        0.013496708064523657,
        0.09920938619876618
    ],
    "RDS2:OPI1": [
        -0.0729193044477884,
        -0.017598791009674188
    ],
    "RDS2:GZF3": [
        -0.12051470393462368,
        -0.05417654532148737
    ],
    "RDS2:UPC2": [
        -0.08766268758671202,
        -0.03104396430039665
    ],
    "RDS2:GIS1": [
        0.058067274602109545,
        0.16250850841728054
    ],
    "RDS2:MSN2": [
        0.06426038411361372,
        0.1659852733427989
    ]
}