{
    "STP2:OPI1": [
        -0.053768929579329286,
        -0.011036776268140468
    ],
    "STP2:ASG1": [
        -0.0567750766977123,
        -0.013304108422069175
    ],
    "STP2:MBP1": [
        -0.04195057081896983,
        -0.006052483532209809
    ],
    "STP2:DAT1": [
        -0.0410524240883548,
        -0.0029379456504636807
    ],
    "STP2:GIS1": [
        0.03932428680347461,
        0.1114030322238951
    ],
    "STP2:MSN2": [
        0.009153431152546283,
        0.07817464301640147
    ]
}