{
    "SKN7:HAA1": [
        -0.07204059855364281,
        -0.03383721781587263
    ],
    "SKN7:GIS1": [
        0.06973988746082976,
        0.12344161259667942
    ],
    "SKN7:PPR1": [
        -0.07254691377029375,
        -0.029139782995924964
    ]
}