{
    "98.0": {
        "PDR1:ARG81": [
            -0.04184199364846518,
            -0.007284488060419112
        ],
        "PDR1:OPI1": [
            -0.04098228821652793,
            -0.003562150264393484
        ],
        "PDR1:DAT1": [
            -0.03847902614853031,
            -0.0011241374910833542
        ],
        "PDR1:GZF3": [
            -0.05349937773295033,
            -0.008126422781363905
        ],
        "PDR1:UPC2": [
            -0.04678019254558804,
            -0.011132722264114013
        ],
        "PDR1:GIS1": [
            0.04816963892274743,
            0.12194031082659754
        ],
        "PDR1:MSN2": [
            0.035734674632600646,
            0.11261741114129646
        ],
        "PDR1:CSE2": [
            -0.06057331214169293,
            -0.004531115651347423
        ],
        "PDR1:FKH1": [
            -0.029872994651653172,
            0.0
        ],
        "PDR1:RPH1": [
            -7.442933970449552e-08,
            0.053945592411806624
        ],
        "PDR1:ERT1": [
            -0.044010530159329105,
            0.0
        ]
    }
}