{
    "DAL80:MTH1": [
        -0.05631083092100874,
        -0.0014584961426885338
    ],
    "DAL80:GZF3": [
        0.002233707952079605,
        0.08193095271880022
    ],
    "DAL80:FKH2": [
        -0.04740922164412784,
        -0.003435333015574482
    ],
    "DAL80:CBF1": [
        -0.04576662366547993,
        -0.0003576535108416585
    ],
    "MSN2": [
        0.021116942185056872,
        0.05834623831348538
    ]
}