{
    "90.0": {
        "CHA4:LYS14": [
            -0.061149790368634604,
            -0.011506485635052363
        ],
        "CHA4:PDR3": [
            -0.10242454703738689,
            -0.03879208775205207
        ],
        "CHA4:CYC8": [
            0.0,
            0.054285192447650246
        ],
        "CHA4:GIS1": [
            0.0029761682062518827,
            0.07564844800424242
        ],
        "CHA4:RTG1": [
            -0.0868931675974809,
            -0.020010754769308692
        ],
        "CHA4:MSN2": [
            0.04699052570224737,
            0.12815233744851834
        ]
    }
}