{
    "UME1:SWI6": [
        -0.03153825652377464,
        -0.0011592452911855075
    ],
    "UME1:EAF1": [
        -0.03472785382843678,
        -0.004231548886245574
    ],
    "UME1:INO4": [
        -0.04350839647693432,
        -0.008858759103114929
    ],
    "UME1:FKH2": [
        -0.03316071951678691,
        -0.0020537286248387978
    ],
    "UME1:GIS1": [
        0.016859692640026784,
        0.06817752378396819
    ],
    "UME1:MSN2": [
        0.030126182227412986,
        0.08837516456798683
    ]
}