{
    "UME1:FKH2": [
        -0.04419305085101925,
        -0.015885991711374926
    ],
    "MSN2": [
        0.0077801213790117925,
        0.061587101394878864
    ]
}