{
    "UME1:FKH2": [
        -0.044083637284960196,
        -0.01505084423333582
    ],
    "MSN2": [
        0.0094863901526779,
        0.06255589385332033
    ]
}