{
    "UME1:INO4": [
        -0.10201010273398044,
        -0.03380618985288271
    ],
    "UME1:FKH2": [
        -0.07232600677569606,
        -0.012750190747200114
    ],
    "UME1:MSN2": [
        0.06835184165058045,
        0.1627069499217887
    ]
}