{
    "UME1:INO4": [
        -0.10201010273398044,
        -0.033806189852882695
    ],
    "UME1:FKH2": [
        -0.07232600677569608,
        -0.012750190747200104
    ],
    "UME1:MSN2": [
        0.06835184165058046,
        0.1627069499217887
    ]
}