{
    "90.0": {
        "MET28:PUT3": [
            0.0,
            0.09708897355939694
        ],
        "MET28:SMP1": [
            -0.06969174124030797,
            0.0
        ],
        "MET28:UPC2": [
            -0.09922411134902377,
            0.0
        ],
        "MET28:YHP1": [
            -0.07897750537783035,
            0.0
        ],
        "MET28:GAL11": [
            0.0,
            0.06087484092797513
        ],
        "MET28:MSN2": [
            -0.012398389114891575,
            0.05307731256245086
        ],
        "MET28:GAL4": [
            0.0,
            0.1039311851812187
        ]
    }
}