{
    "98.0": {
        "GAT2:DAT1": [
            -0.05201381477918991,
            -0.01907041635449592
        ],
        "GAT2:FKH2": [
            -0.03628990784440337,
            1.5354027582289577e-05
        ],
        "FKH2": [
            -0.037495781716614454,
            -0.006643841919669767
        ],
        "TUP1": [
            0.06472404271659991,
            0.10148255338282776
        ]
    }
}