{
    "98.0": {
        "TEC1:STB5": [
            0.0,
            0.034934311246938805
        ],
        "TEC1:PGD1": [
            0.0,
            0.03675412646466486
        ],
        "TEC1:MBP1": [
            -0.062349425210697994,
            -0.022053807877730494
        ],
        "TEC1:GIS1": [
            0.006050841049704074,
            0.051228093250553185
        ]
    }
}