{
    "90.0": {
        "CST6:ARG81": [
            -0.11191127461847412,
            -0.049092074882398966
        ],
        "CST6:OPI1": [
            -0.07008298018991958,
            0.0
        ],
        "CST6:UPC2": [
            -0.0666144283833577,
            0.0
        ],
        "CST6:GIS1": [
            0.11341014038220047,
            0.23004122651229167
        ],
        "CST6:MSN2": [
            0.009991673715303365,
            0.13590883682062693
        ],
        "CST6:ASH1": [
            -0.13288360663176846,
            -0.03842466017456099
        ]
    }
}