{
    "98.0": {
        "STB5:GAL4": [
            0.0,
            0.031746556609604945
        ],
        "GAL4": [
            0.022878663666605875,
            0.060688933047523874
        ]
    }
}