{
    "90.0": {
        "SFL1:FZF1": [
            -0.10249833564860718,
            -0.012623174810536167
        ],
        "SFL1:SWI4": [
            -0.09225242776303161,
            -0.017378249690200808
        ],
        "SFL1:RGM1": [
            0.0,
            0.08581137207703024
        ],
        "SFL1:OPI1": [
            -0.13158060149379497,
            -0.05022787145033174
        ],
        "SFL1:MSN2": [
            0.05350285475539077,
            0.1580679874416947
        ]
    }
}