{
    "ARO80:OPI1": [
        -0.04531154813406549,
        -0.017504604138251008
    ],
    "ARO80:GIS1": [
        0.026164913407257993,
        0.06468677202986753
    ],
    "ARO80:FKH1": [
        -0.02929446017606399,
        -0.0003987162262276858
    ]
}