{
    "98.0": {
        "ERT1:OPI1": [
            -0.05647096367891897,
            -0.023824304169581954
        ],
        "ERT1:UPC2": [
            -0.05203368112708591,
            -0.020579570277569095
        ],
        "ERT1:GIS1": [
            0.024554720243077935,
            0.06894655172961564
        ],
        "ERT1:MSN2": [
            0.0012933830675769583,
            0.056022503912061226
        ]
    }
}